-- phpMyAdmin SQL Dump
-- version 5.2.1
-- https://www.phpmyadmin.net/
--
-- Host: 127.0.0.1
-- Generation Time: Nov 30, 2024 at 02:59 PM
-- Server version: 10.4.28-MariaDB
-- PHP Version: 8.2.4

SET SQL_MODE = "NO_AUTO_VALUE_ON_ZERO";
START TRANSACTION;
SET time_zone = "+00:00";


/*!40101 SET @OLD_CHARACTER_SET_CLIENT=@@CHARACTER_SET_CLIENT */;
/*!40101 SET @OLD_CHARACTER_SET_RESULTS=@@CHARACTER_SET_RESULTS */;
/*!40101 SET @OLD_COLLATION_CONNECTION=@@COLLATION_CONNECTION */;
/*!40101 SET NAMES utf8mb4 */;

--
-- Database: `fees_institute`
--

-- --------------------------------------------------------

--
-- Table structure for table `expenditure`
--

CREATE TABLE `expenditure` (
  `expenditure_id` int(11) NOT NULL,
  `payment_phone` varchar(255) NOT NULL,
  `payment_name` varchar(255) NOT NULL,
  `payment_date` date NOT NULL,
  `payment_amt` int(11) NOT NULL,
  `payment_purpose` varchar(255) NOT NULL,
  `paid_by` varchar(255) NOT NULL,
  `payment_month` varchar(255) NOT NULL
) ENGINE=InnoDB DEFAULT CHARSET=latin1 COLLATE=latin1_swedish_ci;

-- --------------------------------------------------------

--
-- Table structure for table `fees_history`
--

CREATE TABLE `fees_history` (
  `fees_id` int(11) NOT NULL,
  `student_id` int(11) NOT NULL,
  `subject_id` int(11) NOT NULL,
  `amt` int(11) NOT NULL,
  `date` varchar(255) NOT NULL,
  `month` varchar(255) NOT NULL
) ENGINE=InnoDB DEFAULT CHARSET=latin1 COLLATE=latin1_swedish_ci;

--
-- Dumping data for table `fees_history`
--

INSERT INTO `fees_history` (`fees_id`, `student_id`, `subject_id`, `amt`, `date`, `month`) VALUES
(1, 2, 4, 1200, '2024-10-26', '2024-10'),
(2, 2, 6, 1700, '2024-10-26', '2024-10');

-- --------------------------------------------------------

--
-- Table structure for table `income`
--

CREATE TABLE `income` (
  `income_id` int(11) NOT NULL,
  `payment_by` varchar(255) NOT NULL,
  `payment_phone` varchar(255) NOT NULL,
  `payment_date` date NOT NULL,
  `payment_amt` int(11) NOT NULL,
  `payment_purpose` varchar(255) NOT NULL,
  `paid_by` varchar(255) NOT NULL,
  `payment_month` varchar(255) NOT NULL
) ENGINE=InnoDB DEFAULT CHARSET=latin1 COLLATE=latin1_swedish_ci;

-- --------------------------------------------------------

--
-- Table structure for table `student_activity`
--

CREATE TABLE `student_activity` (
  `Activity_id` int(11) NOT NULL,
  `Student_id` int(50) NOT NULL,
  `Category_id` int(50) NOT NULL,
  `Subject_group_id` int(255) NOT NULL,
  `Subject_id` int(50) NOT NULL,
  `Actual_fees` int(50) NOT NULL,
  `Joining_date` date NOT NULL,
  `Month` varchar(20) NOT NULL,
  `Teacher_id` int(50) NOT NULL,
  `Status` char(1) NOT NULL DEFAULT 'Y'
) ENGINE=InnoDB DEFAULT CHARSET=utf8mb4 COLLATE=utf8mb4_general_ci;

--
-- Dumping data for table `student_activity`
--

INSERT INTO `student_activity` (`Activity_id`, `Student_id`, `Category_id`, `Subject_group_id`, `Subject_id`, `Actual_fees`, `Joining_date`, `Month`, `Teacher_id`, `Status`) VALUES
(11, 2, 1, 1, 4, 1200, '2024-03-09', '2024-09', 1, 'Y'),
(12, 2, 1, 2, 6, 1700, '2024-03-09', '2024-09', 4, 'Y'),
(13, 2, 0, 0, 0, 0, '2024-03-09', '2024-03', 0, 'Y'),
(14, 4, 1, 1, 4, 1200, '2023-08-22', '2023-09', 1, 'Y'),
(15, 5, 1, 1, 4, 1200, '2023-01-13', '2023-09', 1, 'Y'),
(16, 6, 1, 1, 4, 1200, '2024-03-09', '2024-09', 1, 'Y'),
(17, 6, 1, 2, 6, 3500, '2024-03-09', '2024-09', 4, 'Y'),
(18, 6, 0, 0, 0, 0, '2024-03-09', '2024-03', 0, 'Y'),
(19, 7, 1, 1, 4, 1200, '2024-04-02', '2024-09', 1, 'Y'),
(20, 7, 2, 3, 16, 450, '2024-04-02', '2024-09', 15, 'Y'),
(21, 8, 1, 1, 4, 1200, '2024-04-05', '2024-09', 1, 'Y'),
(22, 9, 1, 1, 4, 1500, '2024-01-01', '2024-09', 1, 'Y'),
(23, 9, 1, 1, 1, 800, '2024-01-01', '2024-09', 2, 'Y'),
(24, 9, 2, 3, 16, 450, '2024-01-01', '2024-09', 15, 'Y'),
(25, 10, 1, 1, 4, 1500, '2024-03-02', '2024-09', 1, 'Y'),
(26, 10, 2, 11, 13, 800, '2024-03-02', '2024-09', 26, 'Y'),
(27, 10, 1, 2, 6, 1500, '2024-03-02', '2024-09', 4, 'Y'),
(28, 11, 1, 1, 4, 1200, '2024-03-09', '2024-09', 1, 'Y'),
(29, 11, 2, 11, 13, 800, '2024-03-09', '2024-09', 0, 'Y'),
(30, 11, 2, 3, 16, 500, '2024-03-09', '2024-09', 15, 'Y'),
(31, 11, 2, 11, 13, 800, '2024-03-09', '2024-09', 26, 'Y'),
(32, 12, 1, 1, 4, 1200, '2024-03-09', '2024-09', 1, 'Y'),
(33, 12, 2, 3, 16, 450, '2024-03-09', '2024-09', 15, 'Y'),
(34, 13, 1, 1, 4, 1200, '2024-03-09', '2024-09', 1, 'Y'),
(35, 13, 1, 1, 5, 800, '2024-03-09', '2024-09', 3, 'Y'),
(36, 14, 1, 1, 4, 1200, '2024-05-02', '2024-09', 1, 'Y'),
(37, 15, 1, 1, 4, 1200, '2024-03-09', '2024-09', 1, 'Y'),
(38, 16, 1, 1, 4, 1200, '2024-03-12', '2024-09', 1, 'Y'),
(39, 17, 1, 1, 4, 1200, '2024-03-22', '2024-09', 1, 'Y'),
(40, 18, 1, 1, 4, 1200, '2024-03-22', '2024-09', 1, 'Y'),
(41, 19, 1, 1, 4, 1200, '2024-01-01', '2024-09', 1, 'Y'),
(42, 19, 2, 3, 16, 500, '2024-01-01', '2024-09', 15, 'Y'),
(43, 20, 1, 1, 4, 1500, '2024-03-23', '2024-09', 1, 'Y'),
(44, 21, 1, 1, 4, 1500, '2024-01-01', '2024-09', 1, 'Y'),
(45, 21, 2, 11, 14, 1000, '2024-01-01', '2024-09', 27, 'Y'),
(46, 22, 1, 1, 4, 3000, '2024-04-23', '2024-08', 1, 'Y'),
(47, 22, 1, 2, 8, 900, '2024-04-23', '2024-07', 7, 'Y'),
(48, 22, 1, 2, 9, 900, '2024-04-23', '2024-07', 7, 'Y'),
(49, 22, 1, 2, 6, 1500, '2024-04-23', '2024-07', 4, 'Y'),
(50, 23, 1, 1, 4, 1500, '2024-04-30', '2024-08', 1, 'Y'),
(51, 23, 1, 1, 2, 900, '2024-04-30', '2024-08', 3, 'Y'),
(52, 23, 1, 1, 5, 900, '2024-04-30', '2024-08', 3, 'Y'),
(53, 23, 2, 3, 16, 600, '2024-04-30', '2024-06', 15, 'Y'),
(54, 23, 1, 2, 7, 600, '2024-04-30', '2024-09', 6, 'N'),
(55, 23, 1, 2, 7, 1000, '2024-04-30', '2024-08', 6, 'Y'),
(56, 23, 1, 2, 8, 900, '2024-04-30', '2024-08', 6, 'Y'),
(57, 23, 1, 2, 9, 900, '2024-04-30', '2024-09', 6, 'Y'),
(58, 24, 1, 1, 4, 1100, '2024-01-01', '2024-01', 1, 'Y'),
(59, 25, 1, 1, 4, 1500, '2024-03-15', '2024-03', 1, 'Y'),
(60, 26, 1, 1, 1, 900, '2024-04-04', '2024-04', 2, 'Y'),
(61, 26, 1, 1, 5, 900, '2024-04-04', '2024-04', 3, 'Y'),
(62, 26, 1, 1, 2, 900, '2024-04-04', '2024-04', 3, 'Y'),
(63, 26, 1, 2, 8, 900, '2024-04-04', '2024-04', 7, 'Y'),
(64, 26, 1, 2, 9, 900, '2024-04-04', '2024-04', 7, 'Y'),
(65, 27, 1, 2, 7, 1000, '2024-03-30', '2024-03', 6, 'Y'),
(66, 28, 1, 2, 7, 1000, '2024-05-19', '2024-05', 6, 'Y'),
(67, 28, 2, 11, 15, 0, '2024-05-19', '2024-05', 0, 'Y'),
(68, 28, 2, 11, 15, 700, '2024-05-19', '2024-05', 6, 'Y'),
(69, 29, 1, 2, 7, 500, '2024-06-01', '2024-06', 6, 'Y'),
(70, 29, 1, 2, 8, 500, '2024-06-01', '2024-06', 6, 'Y'),
(71, 29, 1, 2, 9, 500, '2024-06-01', '2024-06', 6, 'Y'),
(72, 30, 1, 2, 7, 500, '2024-06-01', '2024-06', 6, 'Y'),
(73, 30, 1, 2, 8, 500, '2024-06-01', '2024-06', 6, 'Y'),
(74, 30, 1, 2, 9, 500, '2024-06-01', '2024-06', 6, 'Y'),
(75, 31, 1, 2, 7, 1000, '2024-04-12', '2024-04', 6, 'Y'),
(76, 32, 1, 2, 7, 1000, '2024-04-24', '2024-04', 6, 'Y'),
(77, 34, 1, 2, 6, 1000, '2024-04-30', '2024-04', 4, 'Y'),
(78, 35, 1, 2, 6, 1200, '2024-04-18', '2024-04', 31, 'Y'),
(79, 36, 1, 2, 6, 1200, '2024-06-21', '2024-06', 31, 'Y'),
(80, 37, 1, 2, 6, 1500, '2024-05-04', '2024-05', 31, 'Y'),
(81, 38, 1, 2, 6, 1000, '2024-06-01', '2024-06', 5, 'Y'),
(82, 38, 2, 3, 16, 300, '2024-06-01', '2024-06', 15, 'Y'),
(83, 39, 2, 3, 16, 350, '2024-06-06', '2024-06', 15, 'Y'),
(84, 40, 2, 3, 16, 350, '2024-06-01', '2024-06', 15, 'Y'),
(85, 40, 2, 4, 26, 500, '2024-06-01', '2024-06', 13, 'Y'),
(86, 40, 2, 11, 12, 200, '2024-06-01', '2024-06', 25, 'Y'),
(87, 41, 2, 3, 16, 350, '2024-06-01', '2024-06', 15, 'Y'),
(88, 42, 2, 3, 16, 300, '2024-06-01', '2024-06', 15, 'Y'),
(89, 42, 4, 12, 23, 900, '2024-06-01', '2024-06', 12, 'Y'),
(90, 43, 2, 3, 16, 300, '2024-06-06', '2024-06', 15, 'Y'),
(91, 44, 2, 3, 16, 300, '2024-06-06', '2024-06', 0, 'Y'),
(92, 45, 2, 3, 16, 350, '2024-06-01', '2024-06', 15, 'Y'),
(93, 46, 2, 3, 16, 300, '2024-06-01', '2024-06', 15, 'Y'),
(94, 46, 2, 4, 26, 500, '2024-06-01', '2024-06', 13, 'Y'),
(95, 46, 2, 11, 12, 200, '2024-06-01', '2024-06', 25, 'Y'),
(96, 47, 2, 3, 16, 350, '2024-06-01', '2024-06', 15, 'Y'),
(97, 48, 3, 10, 17, 600, '2024-06-01', '2024-06', 18, 'Y'),
(98, 48, 2, 3, 16, 300, '2024-06-01', '2024-06', 15, 'Y'),
(99, 49, 2, 3, 16, 300, '2024-06-01', '2024-06', 15, 'Y'),
(100, 50, 2, 3, 16, 300, '2024-06-01', '2024-06', 15, 'Y'),
(101, 51, 2, 3, 16, 300, '2024-06-01', '2024-06', 15, 'Y'),
(102, 51, 3, 10, 17, 600, '2024-06-01', '2024-06', 18, 'Y'),
(103, 52, 2, 3, 16, 300, '2024-06-01', '2024-06', 15, 'Y'),
(104, 52, 3, 10, 17, 600, '2024-06-01', '2024-06', 18, 'Y'),
(105, 53, 2, 3, 16, 300, '2024-06-01', '2024-06', 15, 'Y'),
(106, 53, 0, 0, 0, 0, '2024-06-01', '2024-06', 0, 'Y'),
(107, 54, 2, 3, 16, 200, '2024-06-01', '2024-06', 15, 'Y'),
(108, 55, 2, 3, 16, 300, '2024-06-01', '2024-06', 15, 'Y'),
(109, 56, 2, 3, 16, 300, '2024-06-01', '2024-06', 15, 'Y'),
(110, 57, 2, 3, 16, 300, '2024-06-01', '2024-06', 15, 'Y'),
(111, 58, 2, 3, 16, 300, '2024-06-01', '2024-06', 15, 'Y'),
(112, 59, 2, 3, 16, 350, '2024-06-01', '2024-06', 15, 'Y'),
(113, 60, 2, 3, 16, 350, '2024-06-01', '2024-06', 15, 'Y'),
(114, 61, 2, 3, 16, 350, '2024-06-01', '2024-06', 15, 'Y'),
(115, 62, 2, 3, 16, 350, '2024-06-01', '2024-06', 15, 'Y'),
(116, 63, 2, 3, 16, 200, '2024-06-01', '2024-06', 15, 'Y'),
(117, 64, 2, 3, 16, 350, '2024-06-01', '2024-06', 15, 'Y'),
(118, 64, 2, 4, 26, 500, '2024-06-01', '2024-06', 13, 'Y'),
(119, 64, 2, 11, 12, 200, '2024-06-01', '2024-06', 25, 'Y'),
(120, 65, 2, 3, 16, 350, '2024-06-01', '2024-06', 15, 'Y'),
(121, 66, 2, 3, 16, 350, '2024-06-01', '2024-06', 15, 'Y'),
(122, 67, 2, 3, 16, 350, '2024-06-01', '2024-06', 15, 'Y'),
(123, 68, 2, 3, 16, 350, '2024-06-01', '2024-06', 15, 'Y'),
(124, 69, 2, 3, 16, 350, '2024-06-01', '2024-06', 15, 'Y'),
(125, 70, 2, 3, 16, 350, '2024-06-01', '2024-06', 15, 'Y'),
(126, 70, 2, 4, 26, 500, '2024-06-01', '2024-06', 13, 'Y'),
(127, 70, 2, 11, 12, 200, '2024-06-01', '2024-06', 25, 'Y'),
(128, 71, 2, 3, 16, 350, '2024-06-01', '2024-06', 15, 'Y'),
(129, 71, 2, 11, 15, 700, '2024-06-01', '2024-06', 6, 'Y'),
(130, 72, 2, 3, 16, 350, '2024-06-01', '2024-06', 15, 'Y'),
(131, 73, 2, 3, 16, 350, '2024-06-01', '2024-06', 15, 'Y'),
(132, 74, 2, 3, 16, 350, '2024-06-01', '2024-06', 15, 'Y'),
(133, 74, 4, 12, 23, 900, '2024-06-01', '2024-06', 12, 'Y'),
(134, 75, 2, 3, 16, 350, '2024-06-01', '2024-06', 15, 'Y'),
(135, 75, 3, 10, 19, 700, '2024-06-01', '2024-06', 19, 'Y'),
(136, 75, 2, 3, 16, 350, '2024-06-01', '2024-06', 15, 'Y'),
(137, 77, 2, 3, 16, 350, '2024-06-01', '2024-06', 15, 'Y'),
(138, 77, 2, 11, 15, 700, '2024-06-01', '2024-06', 6, 'Y'),
(139, 78, 2, 3, 16, 300, '2024-06-01', '2024-06', 15, 'Y'),
(140, 79, 2, 3, 16, 300, '2024-06-01', '2024-06', 15, 'Y'),
(141, 80, 2, 3, 16, 350, '2024-06-01', '2024-06', 15, 'Y'),
(142, 81, 2, 3, 16, 350, '2024-06-01', '2024-06', 15, 'Y'),
(143, 81, 3, 10, 17, 550, '2024-06-01', '2024-06', 18, 'Y'),
(144, 82, 2, 3, 16, 350, '2024-06-01', '2024-06', 15, 'Y'),
(145, 83, 2, 3, 16, 350, '2024-06-01', '2024-06', 15, 'Y'),
(146, 83, 3, 10, 17, 550, '2024-06-01', '2024-06', 18, 'Y'),
(147, 84, 2, 3, 16, 350, '2024-06-01', '2024-06', 15, 'Y'),
(148, 84, 2, 11, 15, 700, '2024-06-01', '2024-06', 6, 'Y'),
(149, 85, 2, 3, 16, 400, '2024-06-01', '2024-06', 15, 'Y'),
(150, 86, 2, 3, 16, 350, '2024-06-01', '2024-06', 15, 'Y'),
(151, 86, 4, 12, 23, 900, '2024-06-01', '2024-06', 12, 'Y'),
(152, 87, 2, 3, 16, 350, '2024-06-01', '2024-06', 15, 'Y'),
(153, 88, 2, 3, 16, 350, '2024-06-01', '2024-06', 15, 'Y'),
(154, 89, 2, 3, 16, 350, '2024-06-01', '2024-06', 15, 'Y'),
(155, 89, 3, 10, 18, 1000, '2024-06-01', '2024-06', 10, 'Y'),
(156, 90, 2, 3, 16, 350, '2024-06-01', '2024-06', 15, 'Y'),
(157, 91, 2, 3, 16, 350, '2024-06-01', '2024-06', 15, 'Y'),
(158, 92, 2, 3, 16, 350, '2024-06-01', '2024-06', 15, 'Y'),
(159, 93, 2, 3, 16, 350, '2024-06-01', '2024-06', 15, 'Y'),
(160, 94, 2, 3, 16, 350, '2024-06-01', '2024-06', 15, 'Y'),
(161, 95, 2, 3, 16, 350, '2024-06-01', '2024-06', 15, 'Y'),
(162, 95, 4, 12, 23, 900, '2024-06-01', '2024-06', 12, 'Y'),
(163, 96, 2, 3, 16, 500, '2024-06-01', '2024-06', 15, 'Y'),
(164, 97, 2, 3, 16, 350, '2024-06-01', '2024-06', 15, 'Y'),
(165, 97, 2, 11, 14, 1000, '2024-06-01', '2024-06', 27, 'Y'),
(166, 98, 2, 3, 16, 350, '2024-06-01', '2024-06', 15, 'Y'),
(167, 98, 2, 11, 15, 700, '2024-06-01', '2024-06', 6, 'Y'),
(168, 99, 2, 3, 16, 350, '2024-06-01', '2024-06', 15, 'Y'),
(169, 100, 2, 3, 16, 150, '2024-06-01', '2024-06', 15, 'Y'),
(170, 100, 2, 3, 16, 150, '2024-06-01', '2024-06', 15, 'N'),
(171, 101, 2, 3, 16, 350, '2024-06-01', '2024-06', 15, 'Y'),
(172, 102, 2, 3, 16, 350, '2024-06-01', '2024-06', 15, 'Y'),
(173, 103, 2, 3, 16, 400, '2024-06-01', '2024-06', 15, 'Y'),
(174, 103, 2, 4, 21, 600, '2024-06-01', '2024-06', 13, 'Y'),
(175, 103, 2, 11, 12, 200, '2024-06-01', '2024-06', 25, 'Y'),
(176, 104, 2, 3, 16, 400, '2024-06-01', '2024-06', 15, 'Y'),
(177, 105, 2, 3, 16, 350, '2024-06-01', '2024-06', 15, 'Y'),
(178, 106, 2, 3, 16, 350, '2024-06-01', '2024-06', 15, 'Y'),
(179, 107, 2, 3, 16, 350, '2024-06-01', '2024-06', 15, 'Y'),
(180, 108, 2, 3, 16, 400, '2024-06-01', '2024-06', 15, 'Y'),
(181, 111, 2, 3, 16, 350, '2024-06-01', '2024-06', 15, 'Y'),
(182, 112, 2, 3, 16, 350, '2024-06-01', '2024-06', 15, 'Y'),
(183, 113, 2, 3, 16, 400, '2024-06-01', '2024-06', 15, 'Y'),
(184, 114, 2, 3, 16, 350, '2024-06-01', '2024-06', 15, 'Y'),
(185, 115, 2, 3, 16, 350, '2024-06-01', '2024-06', 15, 'Y'),
(186, 116, 2, 3, 16, 350, '2024-06-01', '2024-06', 15, 'Y'),
(187, 119, 2, 3, 16, 350, '2024-06-01', '2024-06', 15, 'Y'),
(188, 120, 2, 3, 16, 500, '2024-06-01', '2024-06', 15, 'N'),
(189, 120, 2, 4, 21, 500, '2024-06-01', '2024-06', 13, 'Y'),
(190, 120, 2, 11, 12, 150, '2024-06-01', '2024-06', 25, 'Y'),
(191, 121, 2, 3, 16, 350, '2024-06-01', '2024-06', 15, 'Y'),
(192, 122, 2, 3, 16, 350, '2024-06-01', '2024-06', 15, 'Y'),
(193, 123, 2, 3, 16, 400, '2024-06-01', '2024-06', 15, 'Y'),
(194, 124, 2, 3, 16, 400, '2024-06-01', '2024-06', 15, 'Y'),
(195, 126, 2, 3, 16, 350, '2024-06-01', '2024-06', 15, 'Y'),
(196, 127, 2, 3, 16, 350, '2024-06-01', '2024-06', 15, 'Y'),
(197, 127, 2, 4, 21, 500, '2024-06-01', '2024-06', 13, 'Y'),
(198, 127, 2, 11, 12, 150, '2024-06-01', '2024-06', 25, 'Y'),
(199, 128, 2, 3, 16, 350, '2024-06-01', '2024-06', 15, 'Y'),
(200, 128, 2, 4, 22, 800, '2024-06-01', '2024-06', 28, 'Y'),
(201, 129, 2, 3, 16, 400, '2024-06-01', '2024-06', 15, 'Y'),
(202, 129, 2, 4, 21, 450, '2024-06-01', '2024-06', 13, 'Y'),
(203, 129, 2, 11, 12, 200, '2024-06-01', '2024-06', 25, 'Y'),
(204, 130, 2, 3, 16, 400, '2024-06-01', '2024-06', 15, 'Y'),
(205, 131, 2, 3, 16, 400, '2024-06-01', '2024-06', 15, 'Y'),
(206, 132, 4, 12, 23, 900, '2024-06-01', '2024-06', 12, 'Y'),
(207, 133, 2, 3, 16, 350, '2024-06-01', '2024-06', 15, 'Y'),
(208, 134, 2, 3, 16, 350, '2024-06-01', '2024-06', 15, 'Y'),
(209, 135, 2, 3, 16, 400, '2024-06-01', '2024-06', 15, 'Y'),
(210, 136, 2, 3, 16, 400, '2024-06-01', '2024-06', 15, 'Y'),
(211, 137, 2, 3, 16, 400, '2024-06-01', '2024-06', 15, 'Y'),
(212, 138, 2, 3, 16, 400, '2024-06-01', '2024-06', 15, 'Y'),
(213, 139, 2, 3, 16, 400, '2024-06-01', '2024-06', 15, 'Y'),
(214, 140, 2, 3, 16, 400, '2024-06-01', '2024-06', 15, 'Y'),
(215, 141, 2, 3, 16, 400, '2024-06-01', '2024-06', 15, 'Y'),
(216, 142, 2, 3, 16, 400, '2024-06-01', '2024-06', 15, 'Y'),
(217, 143, 2, 3, 16, 400, '2024-06-01', '2024-06', 15, 'Y'),
(218, 144, 2, 3, 16, 400, '2024-06-01', '2024-06', 15, 'Y'),
(219, 145, 2, 3, 16, 400, '2024-06-01', '2024-06', 15, 'Y'),
(220, 146, 2, 3, 16, 400, '2024-06-01', '2024-06', 15, 'Y'),
(221, 147, 2, 3, 16, 400, '2024-06-01', '2024-06', 15, 'Y'),
(222, 148, 2, 3, 16, 600, '2024-06-01', '2024-06', 15, 'Y'),
(223, 149, 2, 3, 16, 400, '2024-06-01', '2024-06', 15, 'Y'),
(224, 151, 2, 3, 16, 400, '2024-05-05', '2024-05', 15, 'Y'),
(225, 152, 2, 3, 16, 400, '2024-05-05', '2024-05', 15, 'Y'),
(226, 153, 2, 3, 16, 450, '2024-03-03', '2024-03', 15, 'Y'),
(227, 154, 2, 3, 16, 450, '2024-06-06', '2024-06', 15, 'Y'),
(228, 156, 2, 11, 12, 200, '2024-06-06', '2024-06', 25, 'Y'),
(229, 158, 2, 3, 16, 450, '2024-06-06', '2024-06', 15, 'Y'),
(230, 160, 2, 3, 16, 500, '2024-06-06', '2024-06', 15, 'Y'),
(231, 161, 2, 3, 16, 500, '2024-06-06', '2024-06', 15, 'Y'),
(232, 162, 2, 3, 16, 450, '2024-06-06', '2024-06', 15, 'Y'),
(233, 163, 2, 3, 16, 500, '2024-06-06', '2024-06', 15, 'Y'),
(234, 164, 2, 3, 16, 300, '2024-06-06', '2024-06', 15, 'Y'),
(235, 165, 2, 3, 16, 500, '2024-06-06', '2024-06', 15, 'Y'),
(236, 166, 2, 3, 16, 500, '2024-06-10', '2024-06', 15, 'Y'),
(237, 166, 4, 12, 23, 900, '2024-06-10', '2024-06', 12, 'Y'),
(238, 167, 2, 3, 16, 500, '2024-06-06', '2024-06', 15, 'Y'),
(239, 168, 2, 3, 16, 500, '2024-06-06', '2024-06', 15, 'Y'),
(240, 169, 2, 3, 16, 500, '2024-06-01', '2024-06', 15, 'Y'),
(241, 170, 2, 3, 16, 500, '2024-06-01', '2024-06', 15, 'Y'),
(242, 171, 2, 3, 16, 500, '2024-06-01', '2024-06', 15, 'Y'),
(243, 172, 2, 3, 16, 500, '2024-06-01', '2024-06', 15, 'Y'),
(244, 173, 2, 3, 16, 500, '2024-06-06', '2024-06', 15, 'Y'),
(245, 174, 2, 3, 16, 600, '2024-06-06', '2024-06', 15, 'Y'),
(246, 175, 2, 3, 16, 600, '2024-06-01', '2024-06', 15, 'Y'),
(247, 178, 2, 3, 16, 500, '2024-06-01', '2024-06', 15, 'Y'),
(248, 179, 2, 3, 16, 550, '2024-06-06', '2024-06', 15, 'Y'),
(249, 180, 2, 3, 16, 600, '2024-06-06', '2024-06', 15, 'Y'),
(250, 181, 2, 3, 16, 400, '2024-05-11', '2024-05', 15, 'Y'),
(251, 182, 2, 3, 16, 700, '2024-06-06', '2024-06', 15, 'Y'),
(252, 183, 2, 3, 16, 500, '2024-06-06', '2024-06', 15, 'Y'),
(253, 184, 2, 3, 16, 700, '2024-06-07', '2024-06', 15, 'Y'),
(254, 185, 2, 3, 16, 700, '2024-06-02', '2024-06', 15, 'Y'),
(255, 186, 2, 3, 16, 300, '2024-06-05', '2024-06', 15, 'Y'),
(256, 187, 2, 3, 16, 1000, '2024-06-23', '2024-06', 15, 'Y'),
(257, 188, 2, 3, 16, 700, '2024-06-02', '2024-06', 15, 'Y'),
(258, 189, 2, 3, 16, 700, '2024-06-06', '2024-06', 15, 'Y'),
(259, 190, 3, 10, 17, 600, '2024-06-06', '2024-06', 18, 'Y'),
(260, 191, 3, 10, 17, 400, '2024-06-06', '2024-06', 18, 'Y'),
(261, 192, 3, 10, 17, 500, '2024-06-06', '2024-06', 18, 'Y'),
(262, 193, 3, 10, 17, 600, '2024-06-06', '2024-06', 18, 'Y'),
(263, 194, 3, 10, 17, 600, '2024-06-04', '2024-06', 18, 'Y'),
(264, 195, 3, 10, 17, 600, '2024-06-04', '2024-06', 18, 'Y'),
(265, 196, 3, 10, 17, 600, '2024-06-01', '2024-06', 18, 'Y'),
(266, 197, 3, 10, 17, 600, '2024-06-04', '2024-06', 18, 'Y'),
(267, 198, 3, 10, 17, 650, '2024-06-07', '2024-06', 18, 'Y'),
(268, 199, 3, 10, 17, 600, '2024-06-03', '2024-06', 18, 'Y'),
(269, 200, 3, 10, 17, 600, '2024-06-01', '2024-06', 18, 'Y'),
(270, 201, 3, 10, 17, 600, '2024-06-03', '2024-06', 18, 'Y'),
(271, 202, 3, 10, 17, 600, '2024-06-06', '2024-06', 18, 'Y'),
(272, 203, 3, 10, 17, 600, '2024-06-04', '2024-06', 18, 'Y'),
(273, 204, 3, 10, 17, 600, '2024-06-04', '2024-06', 18, 'Y'),
(274, 205, 3, 10, 17, 600, '2024-06-09', '2024-06', 18, 'Y'),
(275, 206, 3, 10, 17, 600, '2024-06-04', '2024-06', 18, 'Y'),
(276, 207, 3, 10, 17, 600, '0224-06-05', '0224-06', 18, 'Y'),
(277, 208, 3, 10, 17, 600, '2024-06-01', '2024-06', 18, 'Y'),
(278, 209, 3, 10, 19, 700, '2024-06-06', '2024-06', 19, 'Y'),
(279, 210, 3, 10, 19, 700, '2024-06-01', '2024-06', 19, 'Y'),
(280, 211, 4, 12, 23, 900, '2024-06-01', '2024-06', 12, 'Y'),
(281, 212, 4, 12, 23, 900, '2024-06-01', '2024-06', 12, 'Y'),
(282, 214, 4, 12, 23, 900, '2024-06-01', '2024-06', 12, 'Y'),
(283, 215, 4, 12, 23, 900, '2024-06-01', '2024-06', 12, 'Y'),
(284, 216, 4, 12, 23, 900, '2024-06-01', '2024-06', 12, 'Y'),
(285, 217, 4, 12, 23, 900, '2024-06-01', '2024-06', 12, 'Y'),
(286, 218, 4, 12, 23, 900, '2024-06-01', '2024-06', 12, 'Y'),
(287, 218, 2, 4, 21, 750, '2024-06-01', '2024-06', 13, 'Y'),
(288, 218, 1, 1, 4, 1200, '2024-06-01', '2024-06', 1, 'Y'),
(289, 218, 1, 2, 6, 1700, '2024-06-01', '2024-06', 4, 'Y'),
(290, 219, 3, 10, 18, 1000, '2024-06-01', '2024-06', 10, 'Y'),
(291, 220, 3, 10, 18, 1000, '2024-06-01', '2024-06', 10, 'Y'),
(292, 221, 3, 10, 18, 1000, '2024-06-01', '2024-06', 10, 'Y'),
(293, 221, 2, 4, 26, 500, '2024-06-01', '2024-06', 13, 'Y'),
(294, 221, 2, 11, 12, 200, '2024-06-01', '2024-06', 25, 'Y'),
(295, 222, 3, 10, 18, 1000, '2024-06-01', '2024-06', 10, 'Y'),
(296, 224, 1, 1, 3, 1000, '2024-06-01', '2024-06', 8, 'Y'),
(297, 225, 2, 4, 26, 500, '2024-06-01', '2024-06', 13, 'Y'),
(298, 225, 2, 11, 12, 200, '2024-06-01', '2024-06', 25, 'Y'),
(299, 226, 2, 4, 26, 500, '2024-06-01', '2024-06', 13, 'Y'),
(300, 226, 2, 11, 12, 200, '2024-06-01', '2024-06', 25, 'Y'),
(301, 227, 2, 4, 26, 500, '2024-06-01', '2024-06', 13, 'Y'),
(302, 227, 2, 11, 12, 200, '2024-06-01', '2024-06', 25, 'Y'),
(303, 228, 2, 4, 26, 500, '2024-06-01', '2024-06', 13, 'Y'),
(304, 228, 2, 11, 12, 200, '2024-06-01', '2024-06', 25, 'Y'),
(305, 229, 2, 4, 26, 500, '2024-06-01', '2024-06', 13, 'Y'),
(306, 229, 2, 11, 12, 200, '2024-06-01', '2024-06', 25, 'Y'),
(307, 230, 2, 4, 26, 500, '2024-06-01', '2024-06', 13, 'Y'),
(308, 230, 2, 11, 12, 200, '2024-06-01', '2024-06', 25, 'Y'),
(309, 231, 2, 4, 26, 500, '2024-06-01', '2024-06', 13, 'Y'),
(310, 231, 2, 11, 12, 200, '2024-06-01', '2024-06', 25, 'Y'),
(311, 231, 0, 0, 0, 0, '2024-06-01', '2024-06', 0, 'Y'),
(312, 232, 2, 4, 26, 500, '2024-06-01', '2024-06', 13, 'Y'),
(313, 232, 2, 11, 12, 200, '2024-06-01', '2024-06', 25, 'Y'),
(314, 233, 2, 4, 26, 500, '2024-06-01', '2024-06', 13, 'Y'),
(315, 233, 2, 11, 12, 200, '2024-06-01', '2024-06', 25, 'Y'),
(316, 234, 2, 4, 26, 500, '2024-06-01', '2024-06', 13, 'Y'),
(317, 234, 2, 11, 12, 200, '2024-06-01', '2024-06', 25, 'Y'),
(318, 235, 2, 4, 26, 500, '2024-06-01', '2024-06', 13, 'Y'),
(319, 235, 2, 11, 12, 200, '2024-06-01', '2024-06', 25, 'Y'),
(320, 237, 2, 4, 26, 500, '2024-06-01', '2024-06', 13, 'N'),
(321, 237, 2, 11, 12, 200, '2024-06-01', '2024-06', 25, 'Y'),
(322, 237, 2, 4, 21, 500, '2024-06-01', '2024-06', 13, 'Y'),
(323, 238, 2, 4, 21, 500, '2024-06-01', '2024-06', 13, 'Y'),
(324, 238, 2, 11, 12, 200, '2024-06-01', '2024-06', 25, 'Y'),
(325, 238, 2, 11, 15, 700, '2024-06-01', '2024-06', 6, 'Y'),
(326, 239, 2, 4, 21, 500, '2024-06-01', '2024-06', 13, 'Y'),
(327, 239, 2, 11, 12, 200, '2024-06-01', '2024-06', 25, 'Y'),
(328, 240, 2, 4, 21, 500, '2024-06-01', '2024-06', 13, 'Y'),
(329, 240, 2, 11, 12, 200, '2024-06-01', '2024-06', 25, 'Y'),
(330, 241, 2, 4, 21, 500, '2024-06-01', '2024-06', 13, 'Y'),
(331, 241, 2, 11, 12, 200, '2024-06-01', '2024-06', 25, 'Y'),
(332, 242, 2, 4, 21, 550, '2024-06-01', '2024-06', 13, 'Y'),
(333, 242, 2, 11, 12, 200, '2024-06-01', '2024-06', 25, 'Y'),
(334, 243, 2, 4, 21, 550, '2024-06-01', '2024-06', 13, 'Y'),
(335, 243, 2, 11, 12, 200, '2024-06-01', '2024-06', 25, 'Y'),
(336, 244, 2, 3, 16, 350, '2024-06-01', '2024-06', 15, 'Y'),
(337, 244, 2, 4, 26, 500, '2024-06-01', '2024-06', 13, 'Y'),
(338, 244, 2, 11, 12, 200, '2024-06-01', '2024-06', 25, 'Y'),
(339, 245, 2, 4, 21, 550, '2024-06-01', '2024-06', 13, 'Y'),
(340, 245, 2, 11, 12, 200, '2024-06-01', '2024-06', 25, 'Y'),
(341, 246, 2, 4, 21, 200, '2024-06-01', '2024-06', 13, 'Y'),
(342, 246, 2, 11, 12, 200, '2024-06-01', '2024-06', 25, 'Y'),
(343, 247, 2, 4, 21, 600, '2024-06-01', '2024-06', 13, 'Y'),
(344, 247, 2, 11, 12, 200, '2024-06-01', '2024-06', 25, 'Y'),
(345, 248, 2, 4, 21, 600, '2024-06-01', '2024-06', 13, 'Y'),
(346, 248, 2, 11, 12, 200, '2024-06-01', '2024-06', 25, 'Y'),
(347, 249, 2, 4, 21, 600, '2024-06-01', '2024-06', 13, 'Y'),
(348, 249, 2, 11, 12, 200, '2024-06-01', '2024-06', 25, 'Y'),
(349, 250, 2, 4, 21, 600, '2024-06-01', '2024-06', 13, 'Y'),
(350, 250, 2, 11, 12, 200, '2024-06-01', '2024-06', 25, 'Y'),
(351, 251, 2, 4, 21, 600, '2024-06-01', '2024-06', 13, 'Y'),
(352, 251, 2, 11, 12, 200, '2024-06-01', '2024-06', 25, 'Y'),
(353, 252, 2, 4, 21, 600, '2024-06-01', '2024-06', 13, 'Y'),
(354, 253, 2, 4, 21, 600, '2024-06-01', '2024-06', 13, 'Y'),
(355, 253, 2, 11, 12, 200, '2024-06-01', '2024-06', 25, 'Y'),
(356, 254, 2, 4, 21, 600, '2024-06-01', '2024-06', 13, 'Y'),
(357, 255, 2, 4, 21, 600, '2024-06-01', '2024-06', 13, 'Y'),
(358, 257, 2, 4, 21, 600, '2024-06-01', '2024-06', 13, 'Y'),
(359, 258, 2, 4, 21, 600, '2024-06-01', '2024-06', 13, 'Y'),
(360, 259, 2, 4, 21, 600, '2024-06-01', '2024-06', 13, 'Y'),
(361, 259, 2, 11, 12, 200, '2024-06-01', '2024-06', 25, 'Y'),
(362, 260, 2, 4, 21, 600, '2024-06-01', '2024-06', 13, 'Y'),
(363, 260, 2, 11, 12, 200, '2024-06-01', '2024-06', 25, 'Y'),
(364, 261, 2, 4, 21, 600, '2024-06-01', '2024-06', 13, 'Y'),
(365, 261, 2, 11, 12, 500, '2024-06-01', '2024-06', 25, 'Y'),
(366, 262, 2, 4, 21, 700, '2024-06-01', '2024-06', 13, 'Y'),
(367, 262, 2, 11, 12, 300, '2024-06-01', '2024-06', 25, 'Y'),
(368, 263, 2, 4, 21, 600, '2024-06-01', '2024-06', 13, 'Y'),
(369, 263, 2, 11, 12, 300, '2024-06-01', '2024-06', 25, 'Y'),
(370, 264, 2, 11, 12, 300, '2024-06-01', '2024-06', 25, 'Y'),
(371, 264, 2, 4, 21, 600, '2024-06-01', '2024-06', 13, 'Y'),
(372, 265, 2, 4, 21, 600, '2024-06-01', '2024-06', 13, 'Y'),
(373, 265, 2, 11, 12, 300, '2024-06-01', '2024-06', 25, 'Y'),
(374, 266, 2, 4, 21, 600, '2024-06-01', '2024-06', 13, 'Y'),
(375, 266, 2, 11, 12, 200, '2024-06-01', '2024-06', 25, 'Y'),
(376, 267, 2, 4, 21, 600, '2024-06-01', '2024-06', 13, 'Y'),
(377, 267, 2, 11, 12, 200, '2024-06-01', '2024-06', 25, 'Y'),
(378, 268, 2, 4, 21, 600, '2024-06-01', '2024-06', 13, 'Y'),
(379, 268, 2, 11, 12, 200, '2024-06-01', '2024-06', 25, 'Y'),
(380, 269, 2, 4, 21, 600, '2024-07-01', '2024-07', 13, 'Y'),
(381, 270, 2, 4, 21, 600, '2024-07-01', '2024-07', 13, 'Y'),
(382, 270, 2, 11, 12, 200, '2024-07-01', '2024-07', 25, 'Y'),
(383, 272, 2, 4, 21, 700, '2024-07-01', '2024-07', 13, 'Y'),
(384, 272, 2, 11, 12, 300, '2024-07-01', '2024-07', 25, 'Y'),
(385, 273, 2, 4, 22, 800, '2024-07-01', '2024-07', 28, 'Y'),
(386, 273, 2, 11, 15, 700, '2024-07-01', '2024-07', 6, 'Y'),
(387, 274, 2, 4, 22, 800, '2024-07-01', '2024-07', 28, 'Y'),
(388, 275, 2, 4, 22, 700, '2024-07-01', '2024-07', 28, 'Y'),
(389, 276, 2, 4, 22, 800, '2024-07-01', '2024-07', 28, 'Y'),
(390, 277, 2, 4, 22, 800, '2024-07-01', '2024-07', 28, 'Y'),
(391, 278, 2, 4, 22, 800, '2024-07-01', '2024-07', 28, 'Y'),
(392, 279, 2, 4, 22, 800, '2024-07-01', '2024-07', 28, 'Y'),
(393, 279, 2, 4, 22, 800, '2024-07-01', '2024-07', 28, 'Y'),
(394, 280, 2, 4, 22, 800, '2024-07-01', '2024-07', 28, 'Y'),
(395, 281, 2, 4, 22, 1000, '2024-07-01', '2024-07', 28, 'Y'),
(396, 282, 2, 4, 22, 1000, '2024-07-01', '2024-07', 28, 'Y'),
(397, 283, 2, 11, 15, 700, '2024-07-01', '2024-07', 6, 'Y'),
(398, 284, 2, 11, 15, 700, '2024-07-01', '2024-07', 6, 'Y'),
(399, 285, 2, 11, 15, 700, '2024-07-01', '2024-07', 6, 'Y'),
(400, 286, 2, 11, 15, 600, '2024-07-01', '2024-07', 6, 'Y'),
(401, 287, 2, 11, 15, 600, '2024-07-01', '2024-07', 6, 'Y'),
(402, 288, 2, 11, 15, 600, '2024-07-01', '2024-07', 6, 'Y'),
(403, 289, 2, 11, 15, 700, '2024-07-01', '2024-07', 6, 'Y'),
(404, 290, 2, 11, 15, 700, '2024-07-01', '2024-07', 6, 'Y'),
(405, 291, 2, 11, 15, 700, '2024-07-01', '2024-07', 6, 'Y'),
(406, 292, 2, 11, 13, 800, '2024-07-01', '2024-07', 26, 'Y'),
(407, 293, 2, 11, 13, 800, '2024-07-01', '2024-07', 26, 'Y'),
(408, 294, 2, 11, 14, 800, '2024-07-01', '2024-07', 27, 'Y'),
(409, 295, 2, 11, 12, 600, '2024-07-01', '2024-07', 25, 'Y'),
(410, 296, 2, 11, 12, 700, '2024-07-01', '2024-07', 25, 'Y'),
(411, 90, 2, 4, 22, 800, '2024-06-01', '2024-06', 32, 'Y'),
(412, 131, 2, 4, 25, 600, '2024-06-01', '2024-06', 22, 'Y'),
(413, 131, 2, 11, 12, 200, '2024-06-01', '2024-06', 25, 'Y'),
(414, 200, 2, 11, 11, 600, '2024-06-01', '2024-06', 20, 'Y'),
(415, 200, 2, 11, 12, 300, '2024-06-01', '2024-06', 25, 'Y'),
(416, 201, 2, 4, 25, 700, '2024-06-03', '2024-06', 22, 'Y'),
(417, 212, 2, 11, 11, 700, '2024-06-01', '2024-06', 20, 'Y'),
(418, 216, 2, 11, 11, 800, '2024-06-01', '2024-06', 20, 'Y'),
(419, 222, 2, 4, 25, 800, '2024-06-01', '2024-06', 22, 'Y');

-- --------------------------------------------------------

--
-- Table structure for table `student_registration`
--

CREATE TABLE `student_registration` (
  `Student_id` int(11) NOT NULL,
  `Student_name` varchar(500) NOT NULL,
  `Student_reg_no` varchar(256) NOT NULL,
  `Phone_no` varchar(255) NOT NULL,
  `Address` varchar(1000) NOT NULL,
  `Guardian_phone` varchar(255) NOT NULL,
  `Email` varchar(500) NOT NULL,
  `Gender` varchar(20) NOT NULL,
  `Joining_date` date NOT NULL,
  `Class` varchar(50) NOT NULL,
  `Date_of_birth` date NOT NULL,
  `Status` char(1) NOT NULL DEFAULT 'Y'
) ENGINE=InnoDB DEFAULT CHARSET=utf8mb4 COLLATE=utf8mb4_general_ci;

--
-- Dumping data for table `student_registration`
--

INSERT INTO `student_registration` (`Student_id`, `Student_name`, `Student_reg_no`, `Phone_no`, `Address`, `Guardian_phone`, `Email`, `Gender`, `Joining_date`, `Class`, `Date_of_birth`, `Status`) VALUES
(1, 'Asmita Mandal', 'STUD1', '9163535396', 'N/A', '9163535396', 'example@gmail.com', 'Female', '2024-03-09', '6', '0000-00-00', 'N'),
(2, 'Asmita Mandal', 'STUD2', '9163535396', 'N/A', '9163535396', 'example@gmail.com', 'Female', '2024-03-09', '6', '0000-00-00', 'Y'),
(3, 'Hridita Chakraborty', 'STUD3', '9836888836', 'N/A', '9836888836', 'example@gmail.com', 'Female', '2024-01-01', '6', '0000-00-00', 'Y'),
(4, 'Adrian Karar', 'STUD4', '9051432236', 'N/A', '9051432236', 'example@gmail.com', 'Male', '2023-08-22', '6', '0000-00-00', 'Y'),
(5, 'Nilaj Kundu', 'STUD5', '6291450113', 'N/A', '8384098166', 'example@gmail.com', 'Male', '2023-01-13', '6', '0000-00-00', 'Y'),
(6, 'Ojasvi Basak', 'STUD6', '9830385267', 'N/A', '9903281281', 'example@gmail.com', 'Female', '2024-03-09', '6', '0000-00-00', 'Y'),
(7, 'Jayita Mukherjee', 'STUD7', '8001283222', 'N/A', '8001283222', 'example@gmail.com', 'Female', '2024-04-02', '6', '0000-00-00', 'Y'),
(8, 'Tanusiya Roy', 'STUD8', '8697681890', 'N/A', '8697681890', 'example@gmail.com', 'Female', '2024-04-05', '6', '0000-00-00', 'Y'),
(9, 'Amrik Basak', 'STUD9', '9674671996', 'N/A', '9674671996', 'example@gmail.com', 'Male', '2024-01-01', '7', '0000-00-00', 'Y'),
(10, 'Anushree Panja', 'STUD10', '7980176816', 'N/A', '7980176816', 'example@gmail.com', 'Female', '2024-03-02', '7', '0000-00-00', 'Y'),
(11, 'Sarvin Pradhan ', 'STUD11', '9831238120', 'N/A', '9831238120', 'example@gmail.com', 'Male', '2024-03-09', '7', '0000-00-00', 'Y'),
(12, 'Ditipriya Bhaduri', 'STUD12', '9836219811', 'N/A', '9836219811', 'example@gmail.com', 'Female', '2024-03-09', '7', '0000-00-00', 'Y'),
(13, 'Piu Mondal', 'STUD13', '8017839825', 'N/A', '8017839825', 'example@gmail.com', 'Female', '2024-03-09', '7', '0000-00-00', 'Y'),
(14, 'Dipshikha Paul', 'STUD14', '8240721703', 'N/A', '8240721703', 'example@gmail.com', 'Female', '2024-05-02', '8', '0000-00-00', 'Y'),
(15, 'Pratyusha Ghosal', 'STUD15', '9831428388', 'N/A', '9831428388', 'example@gmail.com', 'Female', '2024-03-09', '8', '0000-00-00', 'Y'),
(16, 'Ridhima Bag', 'STUD16', '9836137342', 'N/A', '9836137342', 'example@gmail.com', 'Female', '2024-03-12', '8', '0000-00-00', 'Y'),
(17, 'Bikaram Kayal', 'STUD17', '9831649469', 'N/A', '9831649469', 'example@gmail.com', 'Male', '2024-03-22', '8', '0000-00-00', 'Y'),
(18, 'Anirban Giri', 'STUD18', '6290702950', 'N/A', '6290702950', 'example@gmail.com', 'Male', '2024-03-22', '8', '0000-00-00', 'Y'),
(19, 'Srishti Karn', 'STUD19', '9038559601', 'N/A', '9038559601', 'example@gmail.com', 'Female', '2024-01-01', '8', '0000-00-00', 'Y'),
(20, 'Dipannita Podder', 'STUD20', '8777066233', 'N/A', '8777066233', 'example@gmail.com', 'Female', '2024-03-23', '9', '0000-00-00', 'Y'),
(21, 'Debangi Roy ', 'STUD21', '8617778432', 'N/A', '8617778432', 'example@gmail.com', 'Female', '2024-01-01', '9', '0000-00-00', 'Y'),
(22, 'Soham Nandi', 'STUD22', '9051177737', 'N/A', '9051177737', 'example@gmail.com', 'Male', '2024-04-23', '9', '0000-00-00', 'Y'),
(23, 'Deboyyoti Layek ', 'STUD23', '6290186370', 'N/A', '6290186370', 'example@gmail.com', 'Male', '2024-04-30', '9', '0000-00-00', 'Y'),
(24, 'Nilavo Bagui', 'STUD24', '9038678846', 'N/A', '9038678846', 'example@gmail.com', 'Male', '2024-01-01', '10', '0000-00-00', 'Y'),
(25, 'Sunavo Roy ', 'STUD25', '7003926632', 'N/A', '7003926632', 'example@gmail.com', 'Male', '2024-03-15', '10', '0000-00-00', 'Y'),
(26, 'Shuvroradeep Paul', 'STUD26', '6290018508', 'N/A', '6290018508', 'example@gmail.com', 'Male', '2024-04-04', '9', '0000-00-00', 'Y'),
(27, 'Jigyanshu Samal', 'STUD27', '7003646822', 'N/A', '7003646822', 'example@gmail.com', 'Male', '2024-03-30', '6', '0000-00-00', 'Y'),
(28, 'Swapnil Roy', 'STUD28', '9830082387', 'N/A', '9830082387', 'example@gmail.com', 'Male', '2024-05-19', '9', '0000-00-00', 'Y'),
(29, 'Rittika Karar', 'STUD29', '9836206316', 'N/A', '9836206316', 'example@gmail.com', 'Female', '2024-06-01', '8', '0000-00-00', 'Y'),
(30, 'Hrishita Sen', 'STUD30', '6291925155', 'N/A', '6291925155', 'example@gmail.com', 'Female', '2024-06-01', '8', '0000-00-00', 'Y'),
(31, 'Megha Banerjee', 'STUD31', '6290351471', 'N/A', '6290351471', 'example@gmail.com', 'Female', '2024-04-12', '9', '0000-00-00', 'Y'),
(32, 'Priyam Dey', 'STUD32', '9836227300', 'N/A', '9836227300', 'example@gmail.com', 'Male', '2024-04-24', '9', '0000-00-00', 'Y'),
(33, 'Sumona Das', 'STUD33', '6296177008', 'N/A', '6296177008', 'example@gmail.com', 'Female', '2024-04-30', '7', '0000-00-00', 'N'),
(34, 'Sumona Das', 'STUD34', '6296177008', 'N/A', '6296177008', 'example@gmail.com', 'Female', '2024-04-30', '7', '0000-00-00', 'Y'),
(35, 'Trijeet Ranjanguha', 'STUD35', '8336888875', 'N/A', '8336888875', 'example@gmail.com', 'Male', '2024-04-18', '12', '0000-00-00', 'Y'),
(36, 'Tarusmita Mukherjee', 'STUD36', '9477670831', 'N/A', '9477670831', 'example@gmail.com', 'Female', '2024-06-21', '12', '0000-00-00', 'Y'),
(37, 'Titas Mondal', 'STUD37', '9674674482', 'N/A', '9674674482', 'example@gmail.com', 'Female', '2024-05-04', '8', '0000-00-00', 'Y'),
(38, 'Trishan Sarkar', 'STUD38', '6289787633', 'N/A', '6289787633', 'example@gmail.com', 'Male', '2024-06-01', '5', '0000-00-00', 'Y'),
(39, 'Adriti Adhikary', 'STUD39', '9836494942', 'N/A', '9836494942', 'example@gmail.com', 'Female', '2024-06-06', '1st-Year', '0000-00-00', 'Y'),
(40, 'Diyashree Sinha', 'STUD40', '9748373851', 'N/A', '9748373851', 'example@gmail.com', 'Female', '2024-06-01', '1st-Year', '0000-00-00', 'Y'),
(41, 'Nilasha Ghosh', 'STUD41', '8910375671', 'N/A', '8910375671', 'example@gmail.com', 'Female', '2024-06-01', 'NUR', '0000-00-00', 'Y'),
(42, 'Harshit Karn', 'STUD42', '6291327306', 'N/A', '6291327306', 'example@gmail.com', 'Male', '2024-06-01', 'NUR', '0000-00-00', 'Y'),
(43, 'Barnava Saha', 'STUD43', '7479264487', 'N/A', '7479264487', 'example@gmail.com', 'Male', '2024-06-06', 'NUR', '0000-00-00', 'Y'),
(44, 'Daipayan Bagui', 'STUD44', '6291544734', 'N/A', '6291544734', 'example@gmail.com', 'Male', '2024-06-06', 'NUR', '0000-00-00', 'Y'),
(45, 'Avik Samanta', 'STUD45', '6291525131', 'N/A', '6291525131', 'example@gmail.com', 'Male', '2024-06-01', 'NUR', '0000-00-00', 'Y'),
(46, 'Shanvika Chandra', 'STUD46', '9674847227', 'N/A', '9674847227', 'example@gmail.com', 'Female', '2024-06-01', 'NUR', '0000-00-00', 'Y'),
(47, 'Ashiya Siddika ', 'STUD47', '6291864988', 'N/A', '6291864988', 'example@gmail.com', 'Female', '2024-06-01', 'NUR', '0000-00-00', 'Y'),
(48, 'Drishani Samanta', 'STUD48', '9330614439', 'N/A', '9330614439', 'example@gmail.com', 'Female', '2024-06-01', 'NUR', '0000-00-00', 'Y'),
(49, 'Reyansh Bagui', 'STUD49', '9330490191', 'N/A', '9330490191', 'example@gmail.com', 'Male', '2024-06-01', 'NUR', '0000-00-00', 'Y'),
(50, 'Adiya Roy', 'STUD50', '7044216141', 'N/A', '7044216141', 'example@gmail.com', 'Female', '2024-06-01', 'NUR', '0000-00-00', 'Y'),
(51, 'Shraddha Karn', 'STUD51', '6290362431', 'N/A', '6290362431', 'example@gmail.com', 'Female', '2024-06-01', 'NUR', '0000-00-00', 'Y'),
(52, 'Dhriti Roy', 'STUD52', '9874554440', 'N/A', '9874554440', 'example@gmail.com', 'Female', '2024-06-01', 'NUR', '0000-00-00', 'Y'),
(53, 'Sparsha Adak', 'STUD53', '7479301531', 'N/A', '7479301531', 'example@gmail.com', 'Female', '2024-06-01', 'NUR', '0000-00-00', 'Y'),
(54, 'Diptesh Kumar', 'STUD54', '7439576438', 'N/A', '7439576438', 'example@gmail.com', 'Male', '2024-06-01', 'NUR', '0000-00-00', 'Y'),
(55, 'Adhrit Ghosh', 'STUD55', '8910640345', 'N/A', '8910640345', 'example@gmail.com', 'Male', '2024-06-01', 'NUR', '0000-00-00', 'Y'),
(56, 'Jaivik Chandra', 'STUD56', '8017166577', 'N/A', '8017166577', 'example@gmail.com', 'Male', '2024-06-01', 'NUR', '0000-00-00', 'Y'),
(57, 'Trijosh Mukhopadhyay', 'STUD57', '8334078730', 'N/A', '8334078730', 'example@gmail.com', 'Male', '2024-06-01', 'NUR', '0000-00-00', 'Y'),
(58, 'Jyotirmoy Koley', 'STUD58', '8910361846', 'N/A', '8910361846', 'example@gmail.com', 'Male', '2024-06-01', 'NUR', '0000-00-00', 'Y'),
(59, 'Arish Maity', 'STUD59', '9874605786', 'N/A', '9874605786', 'example@gmail.com', 'Male', '2024-06-01', 'NUR', '0000-00-00', 'Y'),
(60, 'Shrevansh Prasad', 'STUD60', '9875313340', 'N/A', '9875313340', 'example@gmail.com', 'Male', '2024-06-01', 'NUR', '0000-00-00', 'Y'),
(61, 'Zaara Siddiqui', 'STUD61', '9123869355', 'N/A', '9123869355', 'example@gmail.com', 'Female', '2024-06-01', 'NUR', '0000-00-00', 'Y'),
(62, 'Ananya Mondal', 'STUD62', '8910269267', 'N/A', '8910269267', 'example@gmail.com', 'Female', '2024-06-01', 'NUR', '0000-00-00', 'Y'),
(63, 'Samrit Roy', 'STUD63', '8420376817', 'N/A', '8420376817', 'example@gmail.com', 'Male', '2024-06-01', 'NUR', '0000-00-00', 'Y'),
(64, 'Chandrika Saha', 'STUD64', '9038679754', 'N/A', '9038679754', 'example@gmail.com', 'Female', '2024-06-01', 'PP1', '0000-00-00', 'Y'),
(65, 'Vivan Saha', 'STUD65', '9062190861', 'N/A', '9062190861', 'example@gmail.com', 'Male', '2024-06-01', 'PP1', '0000-00-00', 'Y'),
(66, 'Chandradip Nath', 'STUD66', '9291127853', 'N/A', '9291127853', 'example@gmail.com', 'Male', '2024-06-01', 'PP1', '0000-00-00', 'Y'),
(67, 'Hridha Biswas', 'STUD67', '9088888602', 'N/A', '9088888602', 'example@gmail.com', 'Female', '2024-06-01', 'PP1', '0000-00-00', 'Y'),
(68, 'Tiyasha Chatterjee', 'STUD68', '6290468276', 'N/A', '6290468276', 'example@gmail.com', 'Female', '2024-06-01', 'PP1', '0000-00-00', 'Y'),
(69, 'SH. Aryan Mohammad', 'STUD69', '9903427001', 'N/A', '9903427001', 'example@gmail.com', 'Male', '2024-06-01', 'PP1', '0000-00-00', 'Y'),
(70, 'Aaditri Ganguly', 'STUD70', '8910171110', 'N/A', '8910171110', 'example@gmail.com', 'Female', '2024-06-01', 'PP1', '0000-00-00', 'Y'),
(71, 'Naitik Ghosh', 'STUD71', '9007388249', 'N/A', '9007388249', 'example@gmail.com', 'Male', '2024-06-01', 'PP1', '0000-00-00', 'Y'),
(72, 'Avantika Sen', 'STUD72', '9239512693', 'N/A', '9239512693', 'example@gmail.com', 'Female', '2024-06-01', 'PP1', '0000-00-00', 'Y'),
(73, 'Tapashya Chatterjee', 'STUD73', '6290468276', 'N/A', '6290468276', 'example@gmail.com', 'Female', '2024-06-01', 'PP1', '0000-00-00', 'Y'),
(74, 'Somangshu Nag', 'STUD74', '9330737265', 'N/A', '9330737265', 'example@gmail.com', 'Male', '2024-06-01', 'PP1', '0000-00-00', 'Y'),
(75, 'Ishani Bhattacharya', 'STUD75', '9874682102', 'N/A', '9874682102', 'example@gmail.com', 'Female', '2024-06-01', 'PP1', '0000-00-00', 'Y'),
(76, 'Ashmit Dey', 'STUD76', '9831601300', 'N/A', '9831601300', 'example@gmail.com', 'Male', '2024-06-01', 'PP1', '0000-00-00', 'Y'),
(77, 'Ayushmann Saha', 'STUD77', '9062504180', 'N/A', '9062504180', 'example@gmail.com', 'Male', '2024-06-01', 'PP1', '0000-00-00', 'Y'),
(78, 'Rayan Sikder', 'STUD78', '8918651033', 'N/A', '8918651033', 'example@gmail.com', 'Male', '2024-06-01', 'PP1', '0000-00-00', 'Y'),
(79, 'Srijan Bose', 'STUD79', '9007373361', 'N/A', '9007373361', 'example@gmail.com', 'Male', '2024-06-01', 'PP1', '0000-00-00', 'Y'),
(80, 'Areen Maity', 'STUD80', '9874233001', 'N/A', '9874233001', 'example@gmail.com', 'Male', '2024-06-01', 'PP1', '0000-00-00', 'Y'),
(81, 'Jaivik Bhattacharya', 'STUD81', '8017226294', 'N/A', '8017226294', 'example@gmail.com', 'Male', '2024-06-01', 'PP1', '0000-00-00', 'Y'),
(82, 'Darsh Sharde', 'STUD82', '7001723115', 'N/A', '7001723115', 'example@gmail.com', 'Male', '2024-06-01', 'PP1', '0000-00-00', 'Y'),
(83, 'Jaivat Bhattacharya', 'STUD83', '6291385909', 'N/A', '6291385909', 'example@gmail.com', 'Male', '2024-06-01', 'PP1', '0000-00-00', 'Y'),
(84, 'Ankit Sarkar', 'STUD84', '8420584629', 'N/A', '8420584629', 'example@gmail.com', 'Male', '2024-06-01', 'PP1', '0000-00-00', 'Y'),
(85, 'Aishani Mallick', 'STUD85', '8794090344', 'N/A', '8794090344', 'example@gmail.com', 'Female', '2024-06-01', 'PP1', '0000-00-00', 'Y'),
(86, 'Taksh Agrawal', 'STUD86', '9836999974', 'N/A', '9836999974', 'example@gmail.com', 'Male', '2024-06-01', 'PP2', '0000-00-00', 'Y'),
(87, 'Riyon Majumder', 'STUD87', '6291865098', 'N/A', '6291865098', 'example@gmail.com', 'Male', '2024-06-01', 'PP2', '0000-00-00', 'Y'),
(88, 'Souradyuti Saha', 'STUD88', '9433435409', 'N/A', '9433435409', 'example@gmail.com', 'Female', '2024-06-01', 'PP2', '0000-00-00', 'Y'),
(89, 'Aditya Biswas ', 'STUD89', '8972315201', 'N/A', '8972315201', 'example@gmail.com', 'Male', '2024-06-01', 'PP2', '0000-00-00', 'Y'),
(90, 'Hridaan Das', 'STUD90', '9836689249', 'N/A', '9836689249', 'example@gmail.com', 'Male', '2024-06-01', 'PP2', '0000-00-00', 'Y'),
(91, 'Anantajit Mondal', 'STUD91', '8777284674', 'N/A', '8777284674', 'example@gmail.com', 'Male', '2024-06-01', 'PP2', '0000-00-00', 'Y'),
(92, 'Ayush Paul', 'STUD92', '7980823365', 'N/A', '7980823365', 'example@gmail.com', 'Male', '2024-06-01', 'PP2', '0000-00-00', 'Y'),
(93, 'Ahana Debnath', 'STUD93', '9831758844', 'N/A', '9831758844', 'example@gmail.com', 'Female', '2024-06-01', 'PP2', '0000-00-00', 'Y'),
(94, 'Bhavya Agarwal', 'STUD94', '9123015241', 'N/A', '9123015241', 'example@gmail.com', 'Female', '2024-06-01', 'PP2', '0000-00-00', 'Y'),
(95, 'Sanskriti Kumari', 'STUD95', '8240854026', 'N/A', '8240854026', 'example@gmail.com', 'Female', '2024-06-01', 'PP2', '0000-00-00', 'Y'),
(96, 'Barnini Choudhuri', 'STUD96', '9836003466', 'N/A', '9836003466', 'example@gmail.com', 'Female', '2024-06-01', 'PP2', '0000-00-00', 'Y'),
(97, 'Master Nairit Das', 'STUD97', '9836586884', 'N/A', '9836586884', 'example@gmail.com', 'Male', '2024-06-01', 'PP2', '0000-00-00', 'Y'),
(98, 'Shrijeet Roy', 'STUD98', '9038655815', 'N/A', '9038655815', 'example@gmail.com', 'Male', '2024-06-01', 'PP2', '0000-00-00', 'Y'),
(99, 'Antaripa Roy', 'STUD99', '9038608828', 'N/A', '9038608828', 'example@gmail.com', 'Female', '2024-06-01', 'PP2', '0000-00-00', 'Y'),
(100, 'Satwik Roy', 'STUD100', '9606518021', 'N/A', '9606518021', 'example@gmail.com', 'Male', '2024-06-01', 'PP2', '0000-00-00', 'Y'),
(101, 'Swati Roy', 'STUD101', '9830527060', 'N/A', '9830527060', 'example@gmail.com', 'Female', '2024-06-01', 'PP2', '0000-00-00', 'Y'),
(102, 'Advika Gupta', 'STUD102', '9831337368', 'N/A', '9831337368', 'example@gmail.com', 'Female', '2024-06-01', 'PP2', '0000-00-00', 'Y'),
(103, 'Suchorita  Sarkar', 'STUD103', '8013277775', 'N/A', '8013277775', 'example@gmail.com', 'Female', '2024-06-01', 'PP2', '0000-00-00', 'Y'),
(104, 'Supratik Chakraborty', 'STUD104', '8240088639', 'N/A', '8240088639', 'example@gmail.com', 'Male', '2024-06-01', 'PP2', '0000-00-00', 'Y'),
(105, 'Sahira Khan', 'STUD105', '9143147310', 'N/A', '9143147310', 'example@gmail.com', 'Female', '2024-06-01', 'PP2', '0000-00-00', 'Y'),
(106, 'Aeysha Siddika', 'STUD106', '9051347110', 'N/A', '9051347110', 'example@gmail.com', 'Female', '2024-06-01', 'PP2', '0000-00-00', 'Y'),
(107, 'Aahana Roy', 'STUD107', '7044216141', 'N/A', '7044216141', 'example@gmail.com', 'Female', '2024-06-01', 'PP2', '0000-00-00', 'Y'),
(108, 'Anisha Maity', 'STUD108', '8967076604', 'N/A', '8967076604', 'example@gmail.com', 'Female', '2024-06-01', 'PP2', '0000-00-00', 'Y'),
(109, 'Aisha Ghosh', 'STUD109', '8936745038', 'N/A', '8936745038', 'example@gmail.com', 'Female', '2024-06-01', 'PP2', '0000-00-00', 'Y'),
(110, 'Anish Ghosh', 'STUD110', '8936745038', 'N/A', '8936745038', 'example@gmail.com', 'Male', '2024-06-01', 'PP2', '0000-00-00', 'Y'),
(111, 'Aniruddha Das', 'STUD111', '9163259337', 'N/A', '9163259337', 'example@gmail.com', 'Male', '2024-06-01', 'PP2', '0000-00-00', 'Y'),
(112, 'Ritika Mondal', 'STUD112', '9748655094', 'N/A', '9748655094', 'example@gmail.com', 'Female', '2024-06-01', 'PP2', '0000-00-00', 'Y'),
(113, 'Ayan Sardar', 'STUD113', '9836308031', 'N/A', '9836308031', 'example@gmail.com', 'Male', '2024-06-01', 'PP2', '0000-00-00', 'Y'),
(114, 'Ranodeep Sarkar', 'STUD114', '8910867105', 'N/A', '8910867105', 'example@gmail.com', 'Male', '2024-06-01', 'PP3', '0000-00-00', 'Y'),
(115, 'Ranadip Paul', 'STUD115', '9836131251', 'N/A', '9836131251', 'example@gmail.com', 'Male', '2024-06-01', 'PP3', '0000-00-00', 'Y'),
(116, 'Debraj Pal', 'STUD116', '9382925579', 'N/A', '9382925579', 'example@gmail.com', 'Male', '2024-06-01', 'PP3', '0000-00-00', 'Y'),
(117, 'Rajtanaya Mandi', 'STUD117', '9123902079', 'N/A', '9123902079', 'example@gmail.com', 'Male', '2024-06-01', 'PP3', '0000-00-00', 'N'),
(118, 'Rajdhiraj Mandi', 'STUD118', '9123902079', 'N/A', '9123902079', 'example@gmail.com', 'Male', '2024-06-01', 'PP3', '0000-00-00', 'N'),
(119, 'Aitijhya Chakraborty', 'STUD119', '7998147726', 'N/A', '7998147726', 'example@gmail.com', 'Female', '2024-06-01', 'PP3', '0000-00-00', 'Y'),
(120, 'Debarati Biswas', 'STUD120', '7604016316', 'N/A', '7604016316', 'example@gmail.com', 'Female', '2024-06-01', 'PP3', '0000-00-00', 'Y'),
(121, 'Digvi Agarwal ', 'STUD121', '9007131365', 'N/A', '9007131365', 'example@gmail.com', 'Female', '2024-06-01', 'PP3', '0000-00-00', 'Y'),
(122, 'Sayanti Dey ', 'STUD122', '9674385531', 'N/A', '9674385531', 'example@gmail.com', 'Female', '2024-06-01', 'PP3', '0000-00-00', 'Y'),
(123, 'Anush Mondal', 'STUD123', '9051203688', 'N/A', '9051203688', 'example@gmail.com', 'Male', '2024-06-01', 'PP3', '0000-00-00', 'Y'),
(124, 'Rishav Sharma', 'STUD124', '7003149493', 'N/A', '7003149493', 'example@gmail.com', 'Male', '2024-06-01', 'PP3', '0000-00-00', 'Y'),
(125, 'Trishan Sarkar', 'STUD125', '6289787633', 'N/A', '6289787633', 'example@gmail.com', 'Male', '2024-06-01', 'PP3', '0000-00-00', 'N'),
(126, 'Srija Ghosh', 'STUD126', '8240038438', 'N/A', '8240038438', 'example@gmail.com', 'Female', '2024-06-01', 'PP3', '0000-00-00', 'Y'),
(127, 'Ekantika Saren', 'STUD127', '6290409720', 'N/A', '6290409720', 'example@gmail.com', 'Female', '2024-06-01', 'PP3', '0000-00-00', 'Y'),
(128, 'Adrita Bagui', 'STUD128', '8100386332', 'N/A', '8100386332', 'example@gmail.com', 'Female', '2024-06-01', 'PP3', '0000-00-00', 'Y'),
(129, 'Meghna Bala', 'STUD129', '9051408740', 'N/A', '9051408740', 'example@gmail.com', 'Female', '2024-06-01', '1st-Year', '0000-00-00', 'Y'),
(130, 'Manjushree Saren', 'STUD130', '9674762727', 'N/A', '9674762727', 'example@gmail.com', 'Female', '2024-06-01', '1st-Year', '0000-00-00', 'Y'),
(131, 'Manya Agrawal', 'STUD131', '9836999974', 'N/A', '9836999974', 'example@gmail.com', 'Female', '2024-06-01', '1st-Year', '0000-00-00', 'Y'),
(132, 'Borishon Roy', 'STUD132', '8240805022', 'N/A', '8240805022', 'example@gmail.com', 'Male', '2024-06-01', '1st-Year', '0000-00-00', 'Y'),
(133, 'Ashmit Bagui', 'STUD133', '7595815199', 'N/A', '7595815199', 'example@gmail.com', 'Male', '2024-06-01', '1st-Year', '0000-00-00', 'Y'),
(134, 'Ashmita Bagui', 'STUD134', '7595815199', 'N/A', '7595815199', 'example@gmail.com', 'Female', '2024-06-01', '1st-Year', '0000-00-00', 'Y'),
(135, 'Suvam Naskar', 'STUD135', '6290097282', 'N/A', '6290097282', 'example@gmail.com', 'Male', '2024-06-01', '1st-Year', '0000-00-00', 'Y'),
(136, 'Taneesh Banerjee', 'STUD136', '9836961149', 'N/A', '9836961149', 'example@gmail.com', 'Male', '2024-06-01', '1st-Year', '0000-00-00', 'Y'),
(137, 'Anushka Mandal', 'STUD137', '9874133428', 'N/A', '9874133428', 'example@gmail.com', 'Female', '2024-06-01', '1st-Year', '0000-00-00', 'Y'),
(138, 'Pijush Haldar', 'STUD138', '9330100311', 'N/A', '9330100311', 'example@gmail.com', 'Male', '2024-06-01', '1st-Year', '0000-00-00', 'Y'),
(139, 'Anwesha Ray', 'STUD139', '8697744841', 'N/A', '8697744841', 'example@gmail.com', 'Female', '2024-06-01', '1st-Year', '0000-00-00', 'Y'),
(140, 'Samyak Swarup Biswas', 'STUD140', '8240776867', 'N/A', '8240776867', 'example@gmail.com', 'Male', '2024-06-01', '1st-Year', '0000-00-00', 'Y'),
(141, 'Trisha Ghosh', 'STUD141', '9875303922', 'N/A', '9875303922', 'example@gmail.com', 'Female', '2024-06-01', '1st-Year', '0000-00-00', 'Y'),
(142, 'Aratrika Baral', 'STUD142', '9836395366', 'N/A', '9836395366', 'example@gmail.com', 'Female', '2024-06-01', '1st-Year', '0000-00-00', 'Y'),
(143, 'Rounak Paul', 'STUD143', '8777619151', 'N/A', '8777619151', 'example@gmail.com', 'Male', '2024-06-01', '1st-Year', '0000-00-00', 'Y'),
(144, 'Sombeet Das', 'STUD144', '9734901732', 'N/A', '9734901732', 'example@gmail.com', 'Male', '2024-06-01', '1st-Year', '0000-00-00', 'Y'),
(145, 'Anojit Mondal', 'STUD145', '7003562898', 'N/A', '7003562898', 'example@gmail.com', 'Male', '2024-06-01', '1st-Year', '0000-00-00', 'Y'),
(146, 'Subhadip Sarkar', 'STUD146', '6290028136', 'N/A', '6290028136', 'example@gmail.com', 'Male', '2024-06-01', '1st-Year', '0000-00-00', 'Y'),
(147, 'Banashree Saren', 'STUD147', ' 9674762727', 'N/A', '9674762727', 'example@gmail.com', 'Female', '2024-06-01', '1st-Year', '0000-00-00', 'Y'),
(148, 'Anwsha Senko', 'STUD148', '9674762727', 'N/A', '9674762727', 'example@gmail.com', 'Female', '2024-06-01', '1st-Year', '0000-00-00', 'Y'),
(149, 'Sougata Karmokar', 'STUD149', '9830200213', 'N/A', '9830200213', 'example@gmail.com', 'Male', '2024-06-01', '1st-Year', '0000-00-00', 'Y'),
(150, 'Anira Konar', 'STUD150', '8001283222', 'N/A', '8001283222', 'example@gmail.com', 'Female', '2024-06-01', '1st-Year', '0000-00-00', 'N'),
(151, 'Soumyadeep Das', 'STUD151', '8910015260', 'N/A', '6204868733', 'example@gmail.com', 'Male', '2024-05-05', '1st-Year', '0000-00-00', 'Y'),
(152, 'Nandini Das', 'STUD152', '8910015260', 'N/A', '6204868733', 'example@gmail.com', 'Female', '2024-05-05', '1st-Year', '0000-00-00', 'Y'),
(153, 'Anira Konar', 'STUD153', '8777798976', 'N/A', '8777798976', 'example@gmail.com', 'Female', '2024-03-03', '2nd-Year', '0000-00-00', 'Y'),
(154, 'Kiash Bhowmick', 'STUD154', '9836535486', 'N/A', '9836535486', 'example@gmail.com', 'Male', '2024-06-06', '2nd-Year', '0000-00-00', 'Y'),
(155, 'Arya Singh', 'STUD155', '8910717712', 'N/A', '8910717712', 'example@gmail.com', 'Male', '2024-06-06', '2nd-Year', '0000-00-00', 'N'),
(156, 'Annyasha Chakraborty', 'STUD156', '8777406758', 'N/A', '8777406758', 'example@gmail.com', 'Female', '2024-06-06', '2nd-Year', '0000-00-00', 'Y'),
(157, 'Prathana Naskar', 'STUD157', '8240283163', 'N/A', '8240283163', 'example@gmail.com', 'Male', '2024-06-06', '2nd-Year', '0000-00-00', 'N'),
(158, 'Arya Singh', 'STUD158', '8910717712', 'N/A', '8910717712', 'example@gmail.com', 'Female', '2024-06-06', '2nd-Year', '0000-00-00', 'Y'),
(159, 'Nairit Gupta', 'STUD159', '9339723593', 'N/A', '9339723593', 'example@gmail.com', 'Male', '2024-06-06', '2nd-Year', '0000-00-00', 'Y'),
(160, 'Prathana Naskar', 'STUD160', '8240283163', 'N/A', '8240283163', 'example@gmail.com', 'Female', '2024-06-06', '2nd-Year', '0000-00-00', 'Y'),
(161, 'Rajarshi J.Saha', 'STUD161', '9831281540', 'N/A', '8777459057', 'example@gmail.com', 'Male', '2024-06-06', '2nd-Year', '0000-00-00', 'Y'),
(162, 'Devangi Datta', 'STUD162', '9836271371', 'N/A', '9830907721', 'example@gmail.com', 'Female', '2024-06-06', '2nd-Year', '0000-00-00', 'Y'),
(163, 'Sunbhi Ghosh', 'STUD163', '8961022411', 'N/A', '8961022411', 'example@gmail.com', 'Female', '2024-06-06', '2nd-Year', '0000-00-00', 'Y'),
(164, 'Taneesha Chakraborty', 'STUD164', '9007381623', 'N/A', '9874674611', 'example@gmail.com', 'Female', '2024-06-06', '3rd-Year', '0000-00-00', 'Y'),
(165, 'Raihan Shaikh', 'STUD165', '9830618666', 'N/A', '9830228786', 'example@gmail.com', 'Male', '2024-06-06', '3rd-Year', '0000-00-00', 'Y'),
(166, 'Sanmeet Mal', 'STUD166', '9432649736', 'N/A', '9830170703', 'example@gmail.com', 'Male', '2024-06-10', '3rd-Year', '0000-00-00', 'Y'),
(167, 'Dipayan Paul', 'STUD167', '7980823365', 'N/A', '7980823365', 'example@gmail.com', 'Male', '2024-06-06', '3rd-Year', '0000-00-00', 'Y'),
(168, 'Soumyajit Mondal', 'STUD168', '8910392359', 'N/A', '9681049085', 'example@gmail.com', 'Male', '2024-06-06', '3rd-Year', '0000-00-00', 'Y'),
(169, 'Ujaan Sarkar', 'STUD169', '7980951241', 'N/A', '7980951241', 'example@gmail.com', 'Male', '2024-06-01', '3rd-Year', '0000-00-00', 'Y'),
(170, 'Mayukh Naskar', 'STUD170', '7044311926', 'N/A', '7980583838', 'example@gmail.com', 'Male', '2024-06-01', '3rd-Year', '0000-00-00', 'Y'),
(171, 'Sounak Mandal', 'STUD171', '8910911448', 'N/A', '8910911448', 'example@gmail.com', 'Male', '2024-06-01', '3rd-Year', '0000-00-00', 'Y'),
(172, 'Tathagata Chanda', 'STUD172', '9674462764', 'N/A', '7003419273', 'example@gmail.com', 'Female', '2024-06-01', '4th-Year', '0000-00-00', 'N'),
(173, 'Angelina Bramha', 'STUD173', '7595928440', 'N/A', '7595928440', 'example@gmail.com', 'Female', '2024-06-06', '4th-Year', '0000-00-00', 'Y'),
(174, 'Ahana Debnath', 'STUD174', '7980877266', 'N/A', '7980877266', 'example@gmail.com', 'Female', '2024-06-06', '4th-Year', '0000-00-00', 'Y'),
(175, 'Antorik Maity', 'STUD175', '9874605786', 'N/A', '9874605786', 'example@gmail.com', 'Male', '2024-06-01', '5TH', '0000-00-00', 'Y'),
(176, 'Sristi Karn', 'STUD176', '6291327306', 'N/A', '6291327306', 'example@gmail.com', 'Female', '2024-06-06', '5TH', '0000-00-00', 'N'),
(177, 'Srishti Karn', 'STUD177', '6291327306', 'N/A', '6291327306', 'example@gmail.com', 'Female', '2024-06-06', '5TH', '0000-00-00', 'N'),
(178, 'Anjali Kumari', 'STUD178', '7439483223', 'N/A', '9339003824', 'example@gmail.com', 'Female', '2024-06-01', '5TH', '0000-00-00', 'Y'),
(179, 'Ankita Mondal', 'STUD179', '8777466177', 'N/A', '8777466177', 'example@gmail.com', 'Female', '2024-06-06', '5TH', '0000-00-00', 'N'),
(180, 'Rajashree Saha', 'STUD180', '8777459057', 'N/A', '8777459057', 'example@gmail.com', 'Female', '2024-06-06', '5TH', '0000-00-00', 'N'),
(181, 'Aritra Chatterjee', 'STUD181', '8334067715', 'N/A', '9239337987', 'example@gmail.com', 'Male', '2024-05-11', '6TH', '0000-00-00', 'Y'),
(182, 'Pritha Ghosh', 'STUD182', '6289437242', 'N/A', '6289437242', 'example@gmail.com', 'Female', '2024-06-06', '6TH', '0000-00-00', 'N'),
(183, 'Dhruv Jaiswal', 'STUD183', '9836253221', 'N/A', '9836253221', 'example@gmail.com', 'Male', '2024-06-06', '8TH', '0000-00-00', 'Y'),
(184, 'Anjali Bansir', 'STUD184', '9051619025', 'N/A', '9051619025', 'example@gmail.com', 'Female', '2024-06-07', '8TH', '0000-00-00', 'N'),
(185, 'Chiranjib Layek', 'STUD185', '8017757519', 'N/A', '8017757519', 'example@gmail.com', 'Male', '2024-06-02', '8TH', '0000-00-00', 'Y'),
(186, 'Suchorita Chatterjee', 'STUD186', '8240554304', 'N/A', '8240554304', 'example@gmail.com', 'Female', '2024-06-05', 'G', '0000-00-00', 'Y'),
(187, 'Alokananda Basak', 'STUD187', '7439399823', 'N/A', '7439399823', 'example@gmail.com', 'Male', '2024-06-23', 'G', '0000-00-00', 'Y'),
(188, 'Susmita Kar', 'STUD188', '6291349451', 'N/A', '6291349451', 'example@gmail.com', 'Female', '2024-06-02', 'G', '0000-00-00', 'Y'),
(189, 'Arkapravo Mandal', 'STUD189', '9874133428', 'N/A', '9874133428', 'example@gmail.com', 'Male', '2024-06-06', '7th', '0000-00-00', 'Y'),
(190, 'Priyanshi Chatterjee', 'STUD190', '8335091080', 'N/A', '8335091080', 'example@gmail.com', 'Female', '2024-06-06', 'no class', '0000-00-00', 'Y'),
(191, 'Imon Biswas', 'STUD191', '9674399526', 'N/A', '9674399526', 'example@gmail.com', 'Male', '2024-06-06', 'no class', '0000-00-00', 'Y'),
(192, 'Debraj Mukhopadhyay', 'STUD192', '6290321363', 'N/A', '6290321363', 'example@gmail.com', 'Male', '2024-06-06', 'no class', '0000-00-00', 'Y'),
(193, 'SouryaDeep Roy Chowdhury', 'STUD193', '9874409369', 'N/A', '9874409369', 'example@gmail.com', 'Male', '2024-06-06', 'no class', '0000-00-00', 'Y'),
(194, 'Rupkatha Chowdhury', 'STUD194', '9732151076', 'N/A', '9732151076', 'example@gmail.com', 'Female', '2024-06-04', 'no class', '0000-00-00', 'Y'),
(195, 'Parthiv Bhattarcharya', 'STUD195', '9732151076', 'N/A', '9732151076', 'example@gmail.com', 'Male', '2024-06-04', 'no class', '0000-00-00', 'Y'),
(196, 'Lakshya Sharma', 'STUD196', '6289231527', 'N/A', '6289231527', 'example@gmail.com', 'Male', '2024-06-01', 'no class', '0000-00-00', 'Y'),
(197, 'Kankana Deb', 'STUD197', '9007016583', 'N/A', '9007016583', 'example@gmail.com', 'Female', '2024-06-04', 'no class', '0000-00-00', 'Y'),
(198, 'Arunima Kumari', 'STUD198', '8240009721', 'N/A', '8240009721', 'example@gmail.com', 'Female', '2024-06-07', 'no class', '0000-00-00', 'Y'),
(199, 'Oindriksha Nag', 'STUD199', '9433408574', 'N/A', '9433408574', 'example@gmail.com', 'Female', '2024-06-03', 'no class', '0000-00-00', 'Y'),
(200, 'Arin Patra', 'STUD200', '9875470430', 'N/A', '9875470430', 'example@gmail.com', 'Male', '2024-06-01', 'no class', '0000-00-00', 'Y'),
(201, 'Srija Paul', 'STUD201', '7811087130', 'N/A', '7811087130', 'example@gmail.com', 'Female', '2024-06-03', 'no class', '0000-00-00', 'Y'),
(202, 'Prajita Sengupta', 'STUD202', '9163419657', 'N/A', '9163419657', 'example@gmail.com', 'Female', '2024-06-06', 'no class', '0000-00-00', 'Y'),
(203, 'Pranjal Sengupta', 'STUD203', '9163419657', 'N/A', '9163419657', 'example@gmail.com', 'Male', '2024-06-04', 'no class', '0000-00-00', 'Y'),
(204, 'Tannishtha Roy', 'STUD204', '9769820772', 'N/A', '9769820772', 'example@gmail.com', 'Female', '2024-06-04', 'no class', '0000-00-00', 'Y'),
(205, 'Sohona Mondal', 'STUD205', '9748716050', 'N/A', '9748716050', 'example@gmail.com', 'Female', '2024-06-09', 'no class', '0000-00-00', 'Y'),
(206, 'Aarush Sen', 'STUD206', '9330162947', 'N/A', '9330162947', 'example@gmail.com', 'Male', '2024-06-04', 'no class', '0000-00-00', 'N'),
(207, 'Rajveer Maity', 'STUD207', '9874518000', 'N/A', '9874518000', 'example@gmail.com', 'Male', '0224-06-05', 'no class', '0000-00-00', 'Y'),
(208, 'Tanveer Maity', 'STUD208', '9874518000', 'N/A', '9874518000', 'example@gmail.com', 'Male', '2024-06-01', 'no class', '0000-00-00', 'Y'),
(209, 'Pinki Shah', 'STUD209', '8013891872', 'N/A', '8013891872', 'example@gmail.com', 'Female', '2024-06-06', 'no class', '0000-00-00', 'Y'),
(210, 'Shely Basu', 'STUD210', '9830766275', 'N/A', '9830766275', 'example@gmail.com', 'Female', '2024-06-01', 'no class', '0000-00-00', 'Y'),
(211, 'Vivaan Singh', 'STUD211', '7003910390', 'N/A', '7003910390', 'example@gmail.com', 'Male', '2024-06-01', '2nd level', '0000-00-00', 'Y'),
(212, 'Sayan Mondal', 'STUD212', '9874712435', 'N/A', '9874712435', 'example@gmail.com', 'Male', '2024-06-01', '2nd level', '0000-00-00', 'Y'),
(213, 'Soham Mahakul', 'STUD213', '8582864667', 'N/A', '8582864667', 'example@gmail.com', 'Male', '2024-06-01', '2nd level', '0000-00-00', 'N'),
(214, 'Srijit Samanta', 'STUD214', '9051094433', 'N/A', '9051094433', 'example@gmail.com', 'Male', '2024-06-01', '3rd Level', '0000-00-00', 'Y'),
(215, 'Soham Mahakul', 'STUD215', '8582864667', 'N/A', '8582864667', 'example@gmail.com', 'Male', '2024-06-01', '3rd Level', '0000-00-00', 'Y'),
(216, 'Koushani Biswas', 'STUD216', '7602733558', 'N/A', '7602733558', 'example@gmail.com', 'Female', '2024-06-01', '3rd Level', '0000-00-00', 'Y'),
(217, 'Priyanshu Sadhukhan', 'STUD217', '8902178162', 'N/A', '8902178162', 'example@gmail.com', 'Male', '2024-06-01', '4th Level', '0000-00-00', 'Y'),
(218, 'Asmita Mandal', 'STUD218', '9163535396', 'N/A', '9163535396', 'example@gmail.com', 'Female', '2024-06-01', '7th Level', '0000-00-00', 'Y'),
(219, 'Vaibhav Dey', 'STUD219', '8851478863', 'N/A', '8851478863', 'example@gmail.com', 'Male', '2024-06-01', 'no class', '0000-00-00', 'Y'),
(220, 'Souhardya Das', 'STUD220', '9804246727', 'N/A', '9804246727', 'example@gmail.com', 'Male', '2024-06-01', 'no class', '0000-00-00', 'Y'),
(221, 'Devlaxmi Mohanty', 'STUD221', '8902468884', 'N/A', '8902468884', 'example@gmail.com', 'Female', '2024-06-01', 'no class', '0000-00-00', 'Y'),
(222, 'Adrija Kundu', 'STUD222', '8013089394', 'N/A', '8013089394', 'example@gmail.com', 'Female', '2024-06-01', 'no class', '0000-00-00', 'Y'),
(223, 'Debojit Saha', 'STUD223', '6289326941', 'N/A', '6289326941', 'example@gmail.com', 'Male', '2024-06-01', '10', '0000-00-00', 'Y'),
(224, 'Aritra Chakraborty', 'STUD224', '9836892297', 'N/A', '9836892297', 'example@gmail.com', 'Male', '2024-06-01', '11', '0000-00-00', 'Y'),
(225, 'Ayukta Mohanti', 'STUD225', '6290533847', 'N/A', '6290533847', 'example@gmail.com', 'Female', '2024-06-01', 'PP1', '0000-00-00', 'Y'),
(226, 'Archana Murarka', 'STUD226', '9477201666', 'N/A', '9477201666', 'example@gmail.com', 'Female', '2024-06-01', 'PP1', '0000-00-00', 'Y'),
(227, 'Priyanjana Singh Roy', 'STUD227', '6291258318', 'N/A', '6291258318', 'example@gmail.com', 'Female', '2024-06-01', 'PP1', '0000-00-00', 'Y'),
(228, 'Arohi Mondal', 'STUD228', '7890809226', 'N/A', '7890809226', 'example@gmail.com', 'Female', '2024-06-01', 'PP1', '0000-00-00', 'Y'),
(229, 'Aaratrika Bagui', 'STUD229', '7003166488', 'N/A', '7003166488', 'example@gmail.com', 'Female', '2024-06-01', 'PP1', '0000-00-00', 'Y'),
(230, 'Shreyoshi Bagui', 'STUD230', '6291207843', 'N/A', '6291207843', 'example@gmail.com', 'Female', '2024-06-01', 'PP1', '0000-00-00', 'Y'),
(231, 'Soujanya Karmakar', 'STUD231', '9874981437', 'N/A', '9874981437', 'example@gmail.com', 'Female', '2024-06-01', 'PP1', '0000-00-00', 'Y'),
(232, 'Bivasa Bera', 'STUD232', '7595961535', 'N/A', '7595961535', 'example@gmail.com', 'Female', '2024-06-01', 'PP1', '0000-00-00', 'Y'),
(233, 'Indraja Dawn', 'STUD233', '9775901054', 'N/A', '9775901054', 'example@gmail.com', 'Female', '2024-06-01', 'PP1', '0000-00-00', 'Y'),
(234, 'Ojaswee Ray', 'STUD234', '9007903839', 'N/A', '9007903839', 'example@gmail.com', 'Female', '2024-06-01', 'PP1', '0000-00-00', 'Y'),
(235, 'Nandita Santra', 'STUD235', '8617727557', 'N/A', '8617727557', 'example@gmail.com', 'Female', '2024-06-01', 'PP1', '0000-00-00', 'Y'),
(236, 'Urvee Samanta', 'STUD236', '9830419018', 'N/A', '9830601833', 'example@gmail.com', 'Female', '2024-06-01', 'PP1', '0000-00-00', 'N'),
(237, 'Krittika Dey', 'STUD237', '9088156077', 'N/A', '9088156077', 'example@gmail.com', 'Female', '2024-06-01', 'PP1', '0000-00-00', 'Y'),
(238, 'Pekham Biswas', 'STUD238', '9836050653', 'N/A', '9836050653', 'example@gmail.com', 'Female', '2024-06-01', 'PP1', '0000-00-00', 'Y'),
(239, 'Srishti Sharma', 'STUD239', '9874823951', 'N/A', '9874823951', 'example@gmail.com', 'Female', '2024-06-01', 'PP2', '0000-00-00', 'Y'),
(240, 'Aadhira Ghosh', 'STUD240', '8961022411', 'N/A', '8961022411', 'example@gmail.com', 'Female', '2024-06-01', 'PP2', '0000-00-00', 'Y'),
(241, 'Subariyalata Nayek', 'STUD241', '9330941443', 'N/A', '7450950144', 'example@gmail.com', 'Female', '2024-06-01', 'PP2', '0000-00-00', 'Y'),
(242, 'Saranya Dhar', 'STUD242', '8902978267', 'N/A', '8902978267', 'example@gmail.com', 'Female', '2024-06-01', '1st-Year', '0000-00-00', 'Y'),
(243, 'Pratyaee Banerjee', 'STUD243', '8617645657', 'N/A', '8617645657', 'example@gmail.com', 'Female', '2024-06-01', '1st-Year', '0000-00-00', 'Y'),
(244, 'Ayatri Chakraborty', 'STUD244', '8017168871', 'N/A', '8017168871', 'example@gmail.com', 'Female', '2024-06-01', 'PP1', '0000-00-00', 'Y'),
(245, 'Sankita Mondal', 'STUD245', '8777466177', 'N/A', '8777466177', 'example@gmail.com', 'Female', '2024-06-01', '1st-Year', '0000-00-00', 'Y'),
(246, 'Sumeha Saha', 'STUD246', '8013888124', 'N/A', '8013888124', 'example@gmail.com', 'Female', '2024-06-01', '1st-Year', '0000-00-00', 'Y'),
(247, 'Siddhi Keshari', 'STUD247', '8910230409', 'N/A', '8910230409', 'example@gmail.com', 'Female', '2024-06-01', 'PP1', '0000-00-00', 'Y'),
(248, 'Mahek Gupta', 'STUD248', '8910402205', 'N/A', '8910402205', 'example@gmail.com', 'Female', '2024-06-01', 'PP1', '0000-00-00', 'Y'),
(249, 'Chandrima Saha', 'STUD249', '7848024406', 'N/A', '8240040495', 'example@gmail.com', 'Female', '2024-06-01', 'PP1', '0000-00-00', 'Y'),
(250, 'Shreya Patra', 'STUD250', '6290043065', 'N/A', '6290043065', 'example@gmail.com', 'Female', '2024-06-01', 'PP2', '0000-00-00', 'Y'),
(251, 'Sangsthita Hazra', 'STUD251', '7980710773', 'N/A', '7980710773', 'example@gmail.com', 'Female', '2024-06-01', 'PP2', '0000-00-00', 'Y'),
(252, 'Sreeja Goswami', 'STUD252', '9831654209', 'N/A', '9831654209', 'example@gmail.com', 'Female', '2024-06-01', '4th-Year', '0000-00-00', 'Y'),
(253, 'Mohona Biswas', 'STUD253', '9836693627', 'N/A', '9836693627', 'example@gmail.com', 'Female', '2024-06-01', '4th-Year', '0000-00-00', 'Y'),
(254, 'Moumita Roy', 'STUD254', '9051909672', 'N/A', '9051909672', 'example@gmail.com', 'Female', '2024-06-01', '5TH', '0000-00-00', 'Y'),
(255, 'Nabanita Mukherjee', 'STUD255', '8240155283', 'N/A', '8240155283', 'example@gmail.com', 'Female', '2024-06-01', '6TH', '0000-00-00', 'Y'),
(256, 'Tanushree Bhattacharjee', 'STUD256', '9874142285', 'N/A', '9874142285', 'example@gmail.com', 'Female', '2024-06-01', '6TH', '0000-00-00', 'N'),
(257, 'Arpita Jana', 'STUD257', '9088169271', 'N/A', '9088169271', 'example@gmail.com', 'Female', '2024-06-01', '7th', '0000-00-00', 'Y'),
(258, 'Sampurna Ghosh', 'STUD258', '6290862103', 'N/A', '6290862103', 'example@gmail.com', 'Female', '2024-06-01', '7th', '0000-00-00', 'Y'),
(259, 'Aishani Chowdhury', 'STUD259', '8617430227', 'N/A', '8617430227', 'example@gmail.com', 'Female', '2024-06-01', 'PP1', '0000-00-00', 'Y'),
(260, 'Peaky Saha', 'STUD260', '9836618342', 'N/A', '9836618342', 'example@gmail.com', 'Female', '2024-06-01', 'PP2', '0000-00-00', 'Y'),
(261, 'Aditi Dasgupta', 'STUD261', '9163217601', 'N/A', '9163217601', 'example@gmail.com', 'Female', '2024-06-01', '7th', '0000-00-00', 'Y'),
(262, 'Shreya Biswas', 'STUD262', '9748374016', 'N/A', '9748374016', 'example@gmail.com', 'Female', '2024-06-01', '7th', '0000-00-00', 'Y'),
(263, 'Debarchana Dasgupta', 'STUD263', '9804472993', 'N/A', '9804472993', 'example@gmail.com', 'Female', '2024-06-01', 'PP1', '0000-00-00', 'Y'),
(264, 'Ankita Majumder', 'STUD264', '7439389651', 'N/A', '7439389651', 'example@gmail.com', 'Female', '2024-06-01', 'PP1', '0000-00-00', 'Y'),
(265, 'Dishan Samanta', 'STUD265', '8777362450', 'N/A', '8777362450', 'example@gmail.com', 'Male', '2024-06-01', 'PP2', '0000-00-00', 'Y'),
(266, 'Soumya Singh', 'STUD266', '6291658149', 'N/A', '6291658149', 'example@gmail.com', 'Male', '2024-06-01', '1st-Year', '0000-00-00', 'Y'),
(267, 'Urboshi Ghosh', 'STUD267', '8481061052', 'N/A', '8481061052', 'example@gmail.com', 'Female', '2024-06-01', '2nd-Year', '0000-00-00', 'Y'),
(268, 'Priti Samaddar', 'STUD268', '7980741436', 'N/A', '7980741436', 'example@gmail.com', 'Female', '2024-06-01', '2nd-Year', '0000-00-00', 'Y'),
(269, 'Aishani De', 'STUD269', '8334868675', 'N/A', '8334868675', 'example@gmail.com', 'Female', '2024-07-01', '3rd-Year', '0000-00-00', 'Y'),
(270, 'Alo Layek', 'STUD270', '8017757519', 'N/A', '8017757519', 'example@gmail.com', 'Female', '2024-07-01', 'G', '0000-00-00', 'Y'),
(271, 'Jaya Chakraborty', 'STUD271', '8777406758', 'N/A', '8777406758', 'example@gmail.com', 'Female', '2024-07-01', 'G', '0000-00-00', 'N'),
(272, 'Mrs Sheela Agarwal', 'STUD272', '9874666006', 'N/A', '9874666006', 'example@gmail.com', 'Female', '2024-07-01', 'G', '0000-00-00', 'Y'),
(273, 'Souryadip Das', 'STUD273', '9330123233', 'N/A', '9330123233', 'example@gmail.com', 'Male', '2024-07-01', '1st Level', '0000-00-00', 'Y'),
(274, 'Chandrima Kumari', 'STUD274', '8240009721', 'N/A', '8240009721', 'example@gmail.com', 'Female', '2024-07-01', '1st Level', '0000-00-00', 'Y'),
(275, 'Abhiraj Roy', 'STUD275', '7980302184', 'N/A', '7980302184', 'example@gmail.com', 'Male', '2024-07-01', '1st Level', '0000-00-00', 'Y'),
(276, 'Ojash Sharma', 'STUD276', '6205055524', 'N/A', '6205055524', '', 'Male', '2024-07-01', '1st Level', '0000-00-00', 'Y'),
(277, 'Adrij Saha', 'STUD277', '8972865914', 'N/A', '8972865914', 'example@gmail.com', 'Male', '2024-07-01', '1st Level', '0000-00-00', 'Y'),
(278, 'Noyonika Panigrahi', 'STUD278', '7980951598', 'N/A', '7980951598', 'example@gmail.com', 'Female', '2024-07-01', '2nd level', '0000-00-00', 'Y'),
(279, 'Ishan Roychowdhury', 'STUD279', '9874633404', 'N/A', '9874633404', 'example@gmail.com', 'Male', '2024-07-01', '2nd level', '0000-00-00', 'Y'),
(280, 'Soumo Ghosh', 'STUD280', '8637862754', 'N/A', '8637862754', 'example@gmail.com', 'Male', '2024-07-01', '2nd level', '0000-00-00', 'Y'),
(281, 'Sital Prasad', 'STUD281', '7903825745', 'N/A', '7903825745', 'example@gmail.com', 'Female', '2024-07-01', '2nd level', '0000-00-00', 'Y'),
(282, 'Rupsa Mondal', 'STUD282', '8777573920', 'N/A', '8777573920', 'example@gmail.com', 'Female', '2024-07-01', '2nd level', '0000-00-00', 'Y'),
(283, 'Aratrika Mandal', 'STUD283', '9062504180', 'N/A', '9062504180', 'example@gmail.com', 'Female', '2024-07-01', 'PP1', '0000-00-00', 'Y'),
(284, 'Anamika Sarkar', 'STUD284', '7865028184', 'N/A', '7865028184', 'example@gmail.com', 'Female', '2024-07-01', 'PP1', '0000-00-00', 'Y'),
(285, 'Srijan Malakar', 'STUD285', '8910772465', 'N/A', '8910772465', 'example@gmail.com', 'Male', '2024-07-01', 'PP2', '0000-00-00', 'Y'),
(286, 'Anurag Banerjee', 'STUD286', '9051649756', 'N/A', '9051649756', 'example@gmail.com', 'Male', '2024-07-01', '1st-Year', '0000-00-00', 'Y'),
(287, 'Om Routh', 'STUD287', '8777061371', 'N/A', '8777061371', 'example@gmail.com', 'Male', '2024-07-01', '2nd-Year', '0000-00-00', 'Y'),
(288, 'Sabyasachi Majumder', 'STUD288', '9073139314', 'N/A', '9073139314', 'example@gmail.com', 'Female', '2024-07-01', '3rd-Year', '0000-00-00', 'Y'),
(289, 'Arpita Sahu', 'STUD289', '9038912338', 'N/A', '9038912338', 'example@gmail.com', 'Female', '2024-07-01', 'G', '0000-00-00', 'Y'),
(290, 'Papiya Malakar', 'STUD290', '9163157551', 'N/A', '9163157551', 'example@gmail.com', 'Female', '2024-07-01', 'G', '0000-00-00', 'Y'),
(291, 'Sumita Mondal', 'STUD291', '9674674482', 'N/A', '9674674482', 'example@gmail.com', 'Female', '2024-07-01', 'G', '0000-00-00', 'Y'),
(292, 'Sampurna Saha', 'STUD292', '8334878337', 'N/A', '9007403976', 'example@gmail.com', 'Female', '2024-07-01', 'PP1', '0000-00-00', 'Y'),
(293, 'Swaynprabha Patra', 'STUD293', '9051664055', 'N/A', '9051664055', 'example@gmail.com', 'Male', '2024-07-01', 'PP1', '0000-00-00', 'Y'),
(294, 'Abhinish Ghosh', 'STUD294', '9239920693', 'N/A', '9230509225', 'example@gmail.com', 'Male', '2024-07-01', 'no class', '0000-00-00', 'Y'),
(295, 'Biswadeep Paul', 'STUD295', '8420847737', 'N/A', '8420847737', '', 'Male', '2024-07-01', 'no class', '0000-00-00', 'Y'),
(296, 'Daevik Saha', 'STUD296', '9007483277', 'N/A', '9674713661', 'example@gmail.com', 'Male', '2024-07-01', 'no class', '0000-00-00', 'Y');

-- --------------------------------------------------------

--
-- Table structure for table `subject_category`
--

CREATE TABLE `subject_category` (
  `Category_id` int(11) NOT NULL,
  `Category_name` varchar(500) NOT NULL,
  `Status` char(1) NOT NULL DEFAULT 'Y'
) ENGINE=InnoDB DEFAULT CHARSET=utf8mb4 COLLATE=utf8mb4_general_ci;

--
-- Dumping data for table `subject_category`
--

INSERT INTO `subject_category` (`Category_id`, `Category_name`, `Status`) VALUES
(1, 'Academics', 'Y'),
(2, 'Co-Curricular', 'Y'),
(3, 'Sports', 'Y'),
(4, 'Abacus', 'Y');

-- --------------------------------------------------------

--
-- Table structure for table `subject_group`
--

CREATE TABLE `subject_group` (
  `Subject_group_id` int(11) NOT NULL,
  `Subject_group_name` varchar(255) NOT NULL,
  `Category_id` int(11) NOT NULL,
  `Status` char(1) NOT NULL DEFAULT 'Y'
) ENGINE=InnoDB DEFAULT CHARSET=utf8mb4 COLLATE=utf8mb4_general_ci;

--
-- Dumping data for table `subject_group`
--

INSERT INTO `subject_group` (`Subject_group_id`, `Subject_group_name`, `Category_id`, `Status`) VALUES
(1, 'Science', 1, 'Y'),
(2, 'Arts', 1, 'Y'),
(3, 'Drawing', 2, 'Y'),
(4, 'Dance', 2, 'Y'),
(10, 'Sports', 3, 'Y'),
(11, 'Music', 2, 'Y'),
(12, 'Abacas', 4, 'Y');

-- --------------------------------------------------------

--
-- Table structure for table `subject_master`
--

CREATE TABLE `subject_master` (
  `Subject_id` int(11) NOT NULL,
  `Subject_name` varchar(500) NOT NULL,
  `Category_id` int(11) NOT NULL,
  `Subject_group_id` int(250) NOT NULL,
  `Status` varchar(25) NOT NULL
) ENGINE=InnoDB DEFAULT CHARSET=utf8mb4 COLLATE=utf8mb4_general_ci;

--
-- Dumping data for table `subject_master`
--

INSERT INTO `subject_master` (`Subject_id`, `Subject_name`, `Category_id`, `Subject_group_id`, `Status`) VALUES
(1, 'Physics', 1, 1, 'Y'),
(2, 'Biology', 1, 1, 'Y'),
(3, 'Computer', 1, 1, 'Y'),
(4, 'Maths', 1, 1, 'Y'),
(5, 'Chemistry', 1, 1, 'Y'),
(6, 'English', 1, 2, 'Y'),
(7, 'Bengali', 1, 2, 'Y'),
(8, 'History', 1, 2, 'Y'),
(9, 'Geography', 1, 2, 'Y'),
(10, 'Hindi', 1, 2, 'Y'),
(11, 'Song', 2, 11, 'Y'),
(12, 'Tabla', 2, 11, 'Y'),
(13, 'Guitar', 2, 11, 'Y'),
(14, 'Synthesizer', 2, 11, 'Y'),
(15, 'Recitation', 2, 11, 'Y'),
(16, 'Art & Craft', 2, 3, 'Y'),
(17, 'Karate', 3, 10, 'Y'),
(18, 'Chess', 3, 10, 'Y'),
(19, 'Yoga', 3, 10, 'Y'),
(20, 'Abacus', 3, 10, 'Y'),
(21, 'Classical Dance', 2, 4, 'Y'),
(22, 'Western Dance', 2, 4, 'Y'),
(23, 'Indian Abacus', 4, 12, 'Y'),
(24, 'Classical Dance With Talim', 2, 4, 'Y'),
(25, 'Bharat Natyam With Talim', 2, 4, 'Y'),
(26, 'Semi Classical Dance With Talim', 2, 4, 'Y'),
(27, 'Song With Talim', 2, 5, 'Y'),
(28, 'Song With Talim', 2, 11, 'Y'),
(29, 'Tabla With Talim', 2, 11, 'Y');

-- --------------------------------------------------------

--
-- Table structure for table `teacher`
--

CREATE TABLE `teacher` (
  `Teacher_id` int(11) NOT NULL,
  `Teacher_name` varchar(255) NOT NULL,
  `Teacher_phone` varchar(10) NOT NULL,
  `Teacher_reg_id` varchar(255) NOT NULL,
  `Category_id` int(11) NOT NULL,
  `Status` char(1) NOT NULL DEFAULT 'Y'
) ENGINE=InnoDB DEFAULT CHARSET=utf8mb4 COLLATE=utf8mb4_general_ci;

--
-- Dumping data for table `teacher`
--

INSERT INTO `teacher` (`Teacher_id`, `Teacher_name`, `Teacher_phone`, `Teacher_reg_id`, `Category_id`, `Status`) VALUES
(1, 'Abhijit Das', '9830664621', 'TCH1', 1, 'Y'),
(2, 'Anirban Saha', '9830639108', 'TCH2', 1, 'Y'),
(3, 'Moupiya Saha', '8697289450', 'TCH3', 1, 'Y'),
(4, 'Santanu Roy', '9874462028', 'TCH4', 1, 'Y'),
(5, 'Nili Shah ', '8583992628', 'TCH5', 1, 'Y'),
(6, 'Anindita Chakroborti', '9231572669', 'TCH6', 2, 'Y'),
(7, 'Abhijit Ghosh', '9073419641', 'TCH7', 1, 'Y'),
(8, 'Ishan Bhowmick', '7439429768', 'TCH8', 1, 'Y'),
(9, 'Sukriti Haldar', '9874136901', 'TCH9', 1, 'Y'),
(10, 'Anish Sir', '7602508489', 'TCH10', 3, 'Y'),
(11, 'Sompurna Ghosh', '6290862103', 'TCH11', 3, 'N'),
(12, 'Sompurna Ghosh', '6290862103', 'TCH12', 4, 'N'),
(13, 'Sompurna Ghosh', '6290862103', 'TCH13', 2, 'Y'),
(14, 'Sananda Banerjee', '9051259188', 'TCH14', 4, 'Y'),
(15, 'Sanjoy Chakroborti', '9836888836', 'TCH15', 2, 'Y'),
(16, 'Suchorita Chatterjee', '8240554304', 'TCH16', 2, 'Y'),
(17, ' Alakananda Basak', '7439399823', 'TCH17', 2, 'Y'),
(18, 'Ganash Sammader', '9748610980', 'TCH18', 3, 'Y'),
(19, 'Kalyani Mam', '7439491528', 'TCH19', 3, 'Y'),
(20, 'Reni Koushiki Bhattacharya', '9674031843', 'TCH20', 2, 'Y'),
(21, 'Rema Bhattacharya', '8017481432', 'TCH21', 2, 'Y'),
(22, 'Partha Sarothi Debnath', '9735214401', 'TCH22', 2, 'Y'),
(23, 'Subham Sarkar', '7063506618', 'TCH23', 2, 'Y'),
(24, 'Santu Das', '9679157524', 'TCH24', 2, 'Y'),
(25, 'Sumanto Bhattarjee', '8777058381', 'TCH25', 2, 'Y'),
(26, 'Saikat Ghoshal', '9830861010', 'TCH26', 2, 'Y'),
(27, 'Jyotishuvro Nandi', '7439312945', 'TCH27', 2, 'Y'),
(28, 'Samrat Sir', '8617773848', 'TCH28', 2, 'Y'),
(29, 'Mithun Sir', '9836478890', 'TCH29', 2, 'Y'),
(30, 'Subham Sarkar', '7063506618', 'TCH30', 2, 'N'),
(31, 'Lipika Maam', '9876543210', 'TCH31', 1, 'Y'),
(32, 'Gourab Sir', '9007084894', 'TCH32', 2, 'Y');

-- --------------------------------------------------------

--
-- Table structure for table `teacher_activity`
--

CREATE TABLE `teacher_activity` (
  `Teacher_activity_id` int(11) NOT NULL,
  `Teacher_id` int(255) NOT NULL,
  `Category_id` int(11) NOT NULL,
  `Subject_group_id` int(11) NOT NULL,
  `Subject_id` int(11) NOT NULL,
  `Status` char(1) NOT NULL DEFAULT 'Y'
) ENGINE=InnoDB DEFAULT CHARSET=utf8mb4 COLLATE=utf8mb4_general_ci;

--
-- Dumping data for table `teacher_activity`
--

INSERT INTO `teacher_activity` (`Teacher_activity_id`, `Teacher_id`, `Category_id`, `Subject_group_id`, `Subject_id`, `Status`) VALUES
(1, 1, 1, 1, 4, 'Y'),
(2, 2, 1, 1, 1, 'Y'),
(3, 3, 1, 1, 5, 'Y'),
(4, 3, 1, 1, 2, 'Y'),
(5, 4, 1, 2, 6, 'Y'),
(6, 5, 1, 2, 6, 'Y'),
(7, 6, 1, 2, 7, 'Y'),
(8, 6, 1, 2, 8, 'Y'),
(9, 6, 1, 2, 9, 'Y'),
(10, 7, 1, 2, 8, 'Y'),
(11, 7, 1, 2, 9, 'Y'),
(12, 8, 1, 1, 3, 'Y'),
(13, 9, 1, 1, 5, 'Y'),
(14, 9, 1, 1, 2, 'Y'),
(15, 10, 3, 10, 18, 'Y'),
(16, 12, 4, 12, 23, 'Y'),
(17, 13, 2, 4, 21, 'Y'),
(18, 14, 4, 12, 23, 'Y'),
(19, 15, 2, 3, 16, 'Y'),
(20, 16, 2, 3, 16, 'Y'),
(21, 17, 2, 3, 16, 'Y'),
(22, 18, 3, 10, 17, 'Y'),
(23, 19, 3, 10, 19, 'Y'),
(24, 20, 2, 11, 11, 'Y'),
(25, 21, 2, 11, 11, 'Y'),
(26, 22, 2, 4, 21, 'Y'),
(27, 23, 2, 4, 21, 'Y'),
(28, 24, 2, 4, 21, 'Y'),
(29, 25, 2, 11, 12, 'Y'),
(30, 26, 2, 11, 13, 'Y'),
(31, 27, 2, 11, 14, 'Y'),
(32, 28, 2, 4, 22, 'Y'),
(33, 29, 2, 4, 22, 'Y'),
(34, 13, 4, 12, 23, 'Y'),
(35, 6, 2, 11, 15, 'Y'),
(36, 31, 1, 2, 6, 'Y'),
(37, 13, 2, 4, 26, 'Y'),
(38, 32, 2, 4, 22, 'Y'),
(39, 22, 2, 4, 25, 'Y');

-- --------------------------------------------------------

--
-- Table structure for table `teacher_fees`
--

CREATE TABLE `teacher_fees` (
  `teacher_fees_id` int(11) NOT NULL,
  `teacher_id` int(11) NOT NULL,
  `total_fees` int(11) NOT NULL,
  `percentage` int(11) NOT NULL,
  `actual_fees` int(11) NOT NULL,
  `date` date NOT NULL,
  `month` varchar(255) NOT NULL,
  `paid_by` varchar(255) NOT NULL
) ENGINE=InnoDB DEFAULT CHARSET=latin1 COLLATE=latin1_swedish_ci;

--
-- Indexes for dumped tables
--

--
-- Indexes for table `expenditure`
--
ALTER TABLE `expenditure`
  ADD PRIMARY KEY (`expenditure_id`);

--
-- Indexes for table `fees_history`
--
ALTER TABLE `fees_history`
  ADD PRIMARY KEY (`fees_id`);

--
-- Indexes for table `income`
--
ALTER TABLE `income`
  ADD PRIMARY KEY (`income_id`);

--
-- Indexes for table `student_activity`
--
ALTER TABLE `student_activity`
  ADD PRIMARY KEY (`Activity_id`);

--
-- Indexes for table `student_registration`
--
ALTER TABLE `student_registration`
  ADD PRIMARY KEY (`Student_id`),
  ADD UNIQUE KEY `Student_reg_no` (`Student_reg_no`);

--
-- Indexes for table `subject_category`
--
ALTER TABLE `subject_category`
  ADD PRIMARY KEY (`Category_id`),
  ADD UNIQUE KEY `Category_name` (`Category_name`);

--
-- Indexes for table `subject_group`
--
ALTER TABLE `subject_group`
  ADD PRIMARY KEY (`Subject_group_id`),
  ADD UNIQUE KEY `Subject_group_name` (`Subject_group_name`);

--
-- Indexes for table `subject_master`
--
ALTER TABLE `subject_master`
  ADD PRIMARY KEY (`Subject_id`);

--
-- Indexes for table `teacher`
--
ALTER TABLE `teacher`
  ADD PRIMARY KEY (`Teacher_id`),
  ADD UNIQUE KEY `Teacher_reg_id` (`Teacher_reg_id`);

--
-- Indexes for table `teacher_activity`
--
ALTER TABLE `teacher_activity`
  ADD PRIMARY KEY (`Teacher_activity_id`);

--
-- Indexes for table `teacher_fees`
--
ALTER TABLE `teacher_fees`
  ADD PRIMARY KEY (`teacher_fees_id`);

--
-- AUTO_INCREMENT for dumped tables
--

--
-- AUTO_INCREMENT for table `expenditure`
--
ALTER TABLE `expenditure`
  MODIFY `expenditure_id` int(11) NOT NULL AUTO_INCREMENT;

--
-- AUTO_INCREMENT for table `fees_history`
--
ALTER TABLE `fees_history`
  MODIFY `fees_id` int(11) NOT NULL AUTO_INCREMENT, AUTO_INCREMENT=3;

--
-- AUTO_INCREMENT for table `income`
--
ALTER TABLE `income`
  MODIFY `income_id` int(11) NOT NULL AUTO_INCREMENT;

--
-- AUTO_INCREMENT for table `student_activity`
--
ALTER TABLE `student_activity`
  MODIFY `Activity_id` int(11) NOT NULL AUTO_INCREMENT, AUTO_INCREMENT=420;

--
-- AUTO_INCREMENT for table `student_registration`
--
ALTER TABLE `student_registration`
  MODIFY `Student_id` int(11) NOT NULL AUTO_INCREMENT, AUTO_INCREMENT=297;

--
-- AUTO_INCREMENT for table `subject_category`
--
ALTER TABLE `subject_category`
  MODIFY `Category_id` int(11) NOT NULL AUTO_INCREMENT, AUTO_INCREMENT=5;

--
-- AUTO_INCREMENT for table `subject_group`
--
ALTER TABLE `subject_group`
  MODIFY `Subject_group_id` int(11) NOT NULL AUTO_INCREMENT, AUTO_INCREMENT=13;

--
-- AUTO_INCREMENT for table `subject_master`
--
ALTER TABLE `subject_master`
  MODIFY `Subject_id` int(11) NOT NULL AUTO_INCREMENT, AUTO_INCREMENT=30;

--
-- AUTO_INCREMENT for table `teacher`
--
ALTER TABLE `teacher`
  MODIFY `Teacher_id` int(11) NOT NULL AUTO_INCREMENT, AUTO_INCREMENT=33;

--
-- AUTO_INCREMENT for table `teacher_activity`
--
ALTER TABLE `teacher_activity`
  MODIFY `Teacher_activity_id` int(11) NOT NULL AUTO_INCREMENT, AUTO_INCREMENT=40;

--
-- AUTO_INCREMENT for table `teacher_fees`
--
ALTER TABLE `teacher_fees`
  MODIFY `teacher_fees_id` int(11) NOT NULL AUTO_INCREMENT;
COMMIT;

/*!40101 SET CHARACTER_SET_CLIENT=@OLD_CHARACTER_SET_CLIENT */;
/*!40101 SET CHARACTER_SET_RESULTS=@OLD_CHARACTER_SET_RESULTS */;
/*!40101 SET COLLATION_CONNECTION=@OLD_COLLATION_CONNECTION */;
